id,x,y
12350,86.172516,25.710485
12351,86.121338,25.718475
12352,86.070137,25.726465
12353,86.018944,25.734453
12354,85.967751,25.742443
12355,85.916573,25.750437
12356,85.865372,25.758417
12357,85.814209,25.766417
12358,85.763000,25.774408
12359,85.711823,25.782402
12360,85.660614,25.790386
12361,79.080009,8.829920
12362,79.010422,8.755952
12363,78.940849,8.681980
12364,78.871254,8.608010
12365,78.801682,8.534039
12366,78.732101,8.460068
12367,78.678848,8.410419
12368,78.630379,8.367869
12369,78.581917,8.325324
12370,78.533432,8.282781
12371,78.484978,8.240237
12372,91.593758,42.204552
12373,91.590752,42.198013
12374,91.587761,42.191471
12375,91.584724,42.184906
12376,91.581734,42.178379
12377,91.578728,42.171837
12378,91.575722,42.165291
12379,91.572716,42.158760
12380,91.569717,42.152222
12381,91.566704,42.145668
12382,91.563705,42.139126
12383,66.960915,26.430853
12384,66.957939,26.425493
12385,66.954964,26.420137
12386,66.951988,26.414782
12387,66.949028,26.409418
12388,66.946045,26.404070
12389,66.943077,26.398712
12390,66.940086,26.393353
12391,66.937126,26.387999
12392,66.934143,26.382641
12393,67.841270,26.312799
12394,67.838280,26.307436
12395,67.835320,26.302088
12396,67.832336,26.296728
12397,67.829361,26.291359
12398,67.826401,26.286011
12399,67.823402,26.280649
12400,67.820442,26.275297
12401,67.817467,26.269936
12402,67.814491,26.264580
12403,27.804415,40.799679
12404,27.838316,40.763390
12405,27.872240,40.727070
12406,27.906157,40.690773
12407,27.940069,40.654484
12408,27.973974,40.618164
12409,28.007948,40.581905
12410,28.041822,40.545567
12411,28.075735,40.509289
12412,28.109678,40.472980
12413,28.143579,40.436680
12414,29.352350,14.328807
12415,29.370790,14.295505
12416,29.389231,14.262203
12417,29.407682,14.228899
12418,29.426119,14.195596
12419,29.444563,14.162283
12420,29.463015,14.128982
12421,29.481470,14.095675
12422,29.499907,14.062375
12423,29.518339,14.029074
12424,29.536779,13.995766
12425,41.629360,31.981520
12426,41.646194,31.970001
12427,41.663025,31.958458
12428,41.679859,31.946939
12429,41.696682,31.935415
12430,41.713520,31.923889
12431,41.730350,31.912357
12432,41.747177,31.900820
12433,41.764011,31.889299
12434,41.780819,31.877758
12435,41.797672,31.866247
12436,29.850657,19.002047
12437,29.868349,18.999613
12438,29.886034,18.997196
12439,29.903706,18.994781
12440,29.921400,18.992346
12441,29.939110,18.989912
12442,29.956789,18.987486
12443,29.974457,18.985073
12444,29.992136,18.982635
12445,30.009859,18.980215
12446,30.027534,18.977789
12447,30.045202,18.975374
12448,30.062918,18.972935
12449,30.080576,18.970509
12450,30.098267,18.968084
12451,30.115946,18.965658
12452,30.133633,18.963240
12453,30.151304,18.960815
12454,7.830979,27.170595
12455,7.845664,27.163841
12456,7.860360,27.157108
12457,7.875042,27.150362
12458,7.889744,27.143616
12459,7.904421,27.136879
12460,7.919106,27.130117
12461,7.933802,27.123381
12462,7.948475,27.116623
12463,7.963183,27.109896
12464,7.977856,27.103144
12465,7.992550,27.096416
12466,8.007236,27.089666
12467,8.021944,27.082930
12468,8.036627,27.076180
12469,8.051319,27.069441
12470,8.066015,27.062704
12471,8.080692,27.055946
12472,7.287364,33.392860
12473,7.302094,33.366653
12474,7.316809,33.340405
12475,7.331492,33.314152
12476,7.346236,33.287941
12477,7.360951,33.261719
12478,7.375647,33.235462
12479,7.390349,33.209248
12480,7.405072,33.183014
12481,7.419789,33.156780
12482,7.434489,33.130558
12483,7.449212,33.104336
12484,7.463933,33.078087
12485,7.478646,33.051857
12486,7.493340,33.025631
12487,7.508076,32.999416
12488,7.522757,32.973171
12489,7.537472,32.946938
12490,4.667349,37.025818
12491,4.688086,37.003647
12492,4.708798,36.981472
12493,4.729535,36.959274
12494,4.750283,36.937096
12495,4.771002,36.914913
12496,4.791718,36.892723
12497,4.812464,36.870556
12498,4.833197,36.848362
12499,4.853924,36.826172
12500,4.874651,36.804001
12501,4.895367,36.781826
12502,4.916096,36.759632
12503,4.936833,36.737438
12504,4.957583,36.715263
12505,4.978287,36.693085
12506,4.999018,36.670898
12507,5.019745,36.648716
12508,47.037056,34.575321
12509,47.053421,34.563332
12510,47.069767,34.551369
12511,47.086128,34.539371
12512,47.102486,34.527397
12513,47.118847,34.515408
12514,47.135212,34.503433
12515,47.151550,34.491440
12516,47.167900,34.479454
12517,47.184273,34.467464
12518,47.200619,34.455494
12519,47.216980,34.443512
12520,47.233345,34.431526
12521,47.249691,34.419548
12522,47.266060,34.407570
12523,47.282413,34.395584
12524,47.298759,34.383606
12525,47.315117,34.371620
12526,47.331482,34.359646
12527,47.347816,34.347656
12528,47.364197,34.335670
12529,47.380562,34.323692
12530,47.396904,34.311699
12531,47.413269,34.299713
12532,47.429619,34.287731
12533,47.445984,34.275757
12534,47.462322,34.263771
12535,47.478691,34.251793
12536,47.495037,34.239807
12537,44.544209,41.229183
12538,44.553230,41.226620
12539,44.562218,41.224052
12540,44.571220,41.221481
12541,44.580246,41.218876
12542,44.589264,41.216309
12543,44.598282,41.213734
12544,44.607269,41.211140
12545,44.616268,41.208561
12546,44.625252,41.206013
12547,44.634262,41.203430
12548,44.643269,41.200836
12549,44.652275,41.198284
12550,44.661324,41.195679
12551,44.670277,41.193100
12552,44.679295,41.190567
12553,44.688297,41.187973
12554,44.697308,41.185398
12555,44.706310,41.182838
12556,44.715317,41.180248
12557,44.724316,41.177685
12558,44.733307,41.175098
12559,44.742283,41.172520
12560,44.751328,41.169930
12561,44.760319,41.167358
12562,44.769318,41.164791
12563,44.778343,41.162209
12564,44.787327,41.159615
12565,44.796349,41.157074
12566,43.216713,22.943207
12567,43.225140,22.925945
12568,43.233551,22.908688
12569,43.241970,22.891436
12570,43.250389,22.874187
12571,43.258804,22.856937
12572,43.267220,22.839682
12573,43.275635,22.822426
12574,43.284050,22.805174
12575,43.292465,22.787918
12576,43.300880,22.770664
12577,43.309296,22.753416
12578,43.317719,22.736168
12579,43.326122,22.718910
12580,43.334553,22.701653
12581,43.342968,22.684410
12582,43.351379,22.667150
12583,43.359802,22.649893
12584,43.368217,22.632645
12585,43.376640,22.615395
12586,43.385052,22.598141
12587,43.393471,22.580887
12588,43.401875,22.563641
12589,43.410309,22.546383
12590,43.418705,22.529118
12591,43.427128,22.511871
12592,43.435547,22.494619
12593,43.443966,22.477367
12594,43.452377,22.460110
12595,46.403366,19.417610
12596,46.397739,19.420525
12597,46.392113,19.423447
12598,46.386478,19.426359
12599,46.380852,19.429281
12600,46.375221,19.432198
12601,46.369598,19.435114
12602,46.363968,19.438032
12603,46.358337,19.440950
12604,46.352707,19.443867
12605,46.347084,19.446785
12606,46.341454,19.449705
12607,46.335827,19.452621
12608,46.330193,19.455538
12609,46.324570,19.458454
12610,46.318935,19.461374
12611,46.313309,19.464291
12612,46.307678,19.467203
12613,46.302055,19.470125
12614,46.296425,19.473042
12615,46.290791,19.475956
12616,46.285164,19.478880
12617,46.279537,19.481798
12618,46.273911,19.484713
12619,46.268280,19.487633
12620,46.262650,19.490547
12621,46.257027,19.493467
12622,46.251396,19.496386
12623,46.245766,19.499304
12624,52.620155,23.533413
12625,52.628571,23.516163
12626,52.636986,23.498911
12627,52.645409,23.481659
12628,52.653824,23.464407
12629,52.662243,23.447155
12630,52.670654,23.429897
12631,52.679070,23.412651
12632,52.687492,23.395397
12633,52.695900,23.378145
12634,52.704315,23.360889
12635,52.712730,23.343634
12636,52.721161,23.326382
12637,52.729576,23.309122
12638,52.737991,23.291872
12639,52.746414,23.274622
12640,52.754822,23.257368
12641,52.763237,23.240122
12642,52.771671,23.222872
12643,52.780067,23.205616
12644,52.788486,23.188364
12645,52.796906,23.171103
12646,52.805328,23.153858
12647,52.813728,23.136602
12648,52.822151,23.119345
12649,52.830574,23.102093
12650,52.838982,23.084846
12651,52.847404,23.067587
12652,52.855824,23.050329
12653,51.152409,27.110409
12654,51.178352,27.061304
12655,51.204315,27.012226
12656,51.230293,26.963150
12657,51.256233,26.914049
12658,51.282211,26.864975
12659,51.308155,26.815887
12660,51.334129,26.766806
12661,5.317679,7.818404
12662,5.367557,7.756499
12663,5.417428,7.694595
12664,5.467312,7.632693
12665,5.517187,7.570788
12666,5.569014,7.505627
12667,-2.265383,18.142309
12668,-2.221225,18.063614
12669,-2.177093,17.984932
12670,-2.132964,17.906235
12671,-2.088823,17.827536
12672,-2.044674,17.748863
12673,6.979580,17.733299
12674,7.013690,17.671562
12675,7.047814,17.609844
12676,7.081917,17.548109
12677,7.116036,17.486380
12678,7.150143,17.424644
12679,44.416733,27.025843
12680,44.436985,27.021276
12681,44.457283,27.016684
12682,44.477573,27.012096
12683,44.497841,27.007523
12684,44.518131,27.002953
12685,44.538387,26.998358
12686,44.558701,26.993773
12687,44.578972,26.989180
12688,44.599258,26.984600
12689,44.619553,26.980015
12690,44.639835,26.975449
12691,44.660110,26.970856
12692,44.680378,26.966291
12693,51.575268,19.669224
12694,51.599575,19.651812
12695,51.623878,19.634390
12696,51.648155,19.616976
12697,51.672470,19.599567
12698,51.696777,19.582151
12699,51.721062,19.564735
12700,51.745350,19.547327
12701,51.769657,19.529911
12702,51.793941,19.512508
12703,51.818256,19.495100
12704,51.842556,19.477669
12705,51.866848,19.460264
12706,51.891140,19.442841
12707,54.455727,39.172134
12708,54.474392,39.166786
12709,54.493050,39.161469
12710,54.511673,39.156113
12711,54.530342,39.150784
12712,54.548988,39.145451
12713,54.567635,39.140091
12714,54.586304,39.134773
12715,54.604980,39.129425
12716,54.623600,39.124092
12717,54.642250,39.118759
12718,54.660889,39.113445
12719,54.679569,39.108070
12720,54.698196,39.102760
12721,40.385021,17.894255
12722,40.396935,17.862400
12723,40.408844,17.830568
12724,40.420746,17.798727
12725,40.432655,17.766888
12726,40.444569,17.735050
12727,40.456474,17.703213
12728,40.468391,17.671370
12729,40.480305,17.639540
12730,40.492214,17.607697
12731,40.504120,17.575855
12732,40.516026,17.544016
12733,40.527935,17.512182
12734,40.539841,17.480337
12735,57.576698,28.027075
12736,57.594749,28.011744
12737,57.612789,27.996458
12738,57.630783,27.981146
12739,57.648827,27.965822
12740,57.666832,27.950518
12741,57.684868,27.935217
12742,57.702881,27.919882
12743,57.720894,27.904558
12744,57.738922,27.889254
12745,57.756958,27.873941
12746,57.774982,27.858622
12747,57.792953,27.843328
12748,57.810989,27.828005
12749,47.108067,17.314724
12750,47.067841,17.321005
12751,47.027634,17.327286
12752,46.987404,17.333563
12753,46.947189,17.339842
12754,46.906967,17.346117
12755,46.866745,17.352394
12756,46.826530,17.358671
12757,46.786312,17.364954
12758,46.746086,17.371231
12759,46.705868,17.377510
12760,46.665649,17.383785
12761,46.625435,17.390072
12762,46.585209,17.396347
12763,48.826435,25.811045
12764,48.849380,25.791553
12765,48.872303,25.772068
12766,48.895264,25.752565
12767,48.918152,25.733101
12768,48.941109,25.713577
12769,48.964058,25.694113
12770,48.986958,25.674637
12771,49.009964,25.655113
12772,49.032871,25.635620
12773,49.055817,25.616133
12774,54.180080,28.297867
12775,54.208809,28.275570
12776,54.237526,28.253269
12777,54.266273,28.230982
12778,54.294994,28.208687
12779,54.323711,28.186392
12780,54.352432,28.164087
12781,54.381149,28.141796
12782,54.409885,28.119501
12783,54.438614,28.097204
12784,54.467342,28.074909
12785,46.767696,18.109781
12786,46.801647,18.073486
12787,46.835552,18.037178
12788,46.869461,18.000883
12789,46.903412,17.964579
12790,46.937309,17.928276
12791,46.971230,17.891972
12792,47.005150,17.855669
12793,47.039066,17.819370
12794,47.072990,17.783083
12795,47.106911,17.746771
12796,83.192879,16.203493
12797,83.205719,16.177164
12798,83.218567,16.150831
12799,83.231400,16.124485
12800,83.244255,16.098154
12801,83.257095,16.071823
12802,83.269966,16.045496
12803,83.282806,16.019163
12804,83.295639,15.992824
12805,83.307266,15.967893
12806,83.302948,15.960805
12807,83.298653,15.953723
12808,83.294350,15.946656
12809,83.290054,15.939572
12810,83.285744,15.932496
12811,83.281448,15.925427
12812,83.277161,15.918348
12813,83.272850,15.911281
12814,83.268547,15.904192
12815,80.084404,16.310854
12816,80.080101,16.303766
12817,80.075813,16.296694
12818,80.071518,16.289618
12819,80.067200,16.282541
12820,80.062889,16.275469
12821,80.058594,16.268385
12822,80.054298,16.261330
12823,80.049995,16.254244
12824,80.045692,16.247152
12825,80.041405,16.240091
12826,80.037079,16.233002
12827,80.032784,16.225927
12828,80.028481,16.218847
12829,80.024170,16.211767
12830,80.019875,16.204699
12831,80.015594,16.197630
12832,80.011276,16.190561
12833,80.006981,16.183475
12834,74.966576,20.680799
12835,74.990623,20.637873
12836,75.014732,20.594967
12837,75.038841,20.552044
12838,75.062881,20.509123
12839,75.086960,20.466181
12840,75.111023,20.423281
12841,75.135124,20.380362
12842,75.159180,20.337437
12843,75.183281,20.294523
12844,75.207336,20.251585
12845,74.461540,29.770708
12846,74.485580,29.727783
12847,74.509666,29.684868
12848,74.533730,29.641939
12849,74.557793,29.599009
12850,74.581886,29.556089
12851,74.605949,29.513163
12852,74.630013,29.470236
12853,74.654099,29.427330
12854,74.678169,29.384394
12855,74.702248,29.341467
12856,77.085487,33.564629
12857,77.082787,33.559753
12858,77.080086,33.554893
12859,77.077385,33.550018
12860,77.074684,33.545162
12861,77.071976,33.540279
12862,77.069260,33.535416
12863,77.066551,33.530540
12864,77.063866,33.525681
12865,77.061150,33.520802
12866,77.058434,33.515938
12867,33.043484,20.950499
12868,33.038788,20.948847
12869,33.034084,20.947184
12870,33.029396,20.945536
12871,33.024700,20.943880
12872,33.019997,20.942225
12873,33.015312,20.940569
12874,33.010605,20.938919
12875,33.005909,20.937267
12876,33.001209,20.935608
12877,32.996525,20.933960
12878,32.991817,20.932299
12879,32.987118,20.930639
12880,32.982418,20.928989
12881,32.977726,20.927330
12882,32.973022,20.925678
12883,32.968327,20.924026
12884,32.963627,20.922365
12885,32.958939,20.920721
12886,32.954243,20.919064
12887,32.949535,20.917408
12888,32.944839,20.915752
12889,32.940163,20.914103
12890,32.935448,20.912434
12891,51.653893,17.802582
12892,51.664940,17.782906
12893,51.675968,17.763243
12894,51.687000,17.743563
12895,51.698032,17.723890
12896,51.709068,17.704210
12897,51.720112,17.684547
12898,51.731144,17.664875
12899,51.742168,17.645199
12900,51.753204,17.625532
12901,51.764236,17.605856
12902,51.775280,17.586185
12903,51.786327,17.566509
12904,51.797340,17.546833
12905,51.808372,17.527157
12906,51.819405,17.507494
12907,51.830441,17.487820
12908,51.841476,17.468142
12909,51.852520,17.448465
12910,51.863556,17.428806
12911,51.874588,17.409124
12912,51.885616,17.389448
12913,51.896675,17.369787
12914,51.907684,17.350113
12915,39.767654,18.401041
12916,39.783203,18.384388
12917,39.798771,18.367752
12918,39.814304,18.351128
12919,39.829842,18.334486
12920,39.845387,18.317850
12921,39.860950,18.301207
12922,39.876503,18.284582
12923,39.892017,18.267937
12924,39.907578,18.251295
12925,39.923145,18.234678
12926,39.938679,18.218033
12927,39.954220,18.201391
12928,39.969772,18.184757
12929,39.985291,18.168098
12930,40.000851,18.151464
12931,40.016418,18.134842
12932,40.031952,18.118196
12933,40.047501,18.101564
12934,40.063065,18.084938
12935,40.078621,18.068296
12936,40.094166,18.051649
12937,40.109684,18.035009
12938,40.125229,18.018383
12939,37.397999,23.463648
12940,37.409008,23.443960
12941,37.420059,23.424301
12942,37.431095,23.404629
12943,37.442135,23.384974
12944,37.453175,23.365295
12945,37.464184,23.345610
12946,37.475231,23.325926
12947,37.486259,23.306284
12948,37.497276,23.286596
12949,37.508324,23.266920
12950,37.519367,23.247240
12951,37.530418,23.227594
12952,37.541439,23.207909
12953,37.552486,23.188240
12954,37.563519,23.168562
12955,37.574528,23.148891
12956,37.585587,23.129227
12957,37.596596,23.109552
12958,37.607685,23.089878
12959,37.618698,23.070194
12960,37.629715,23.050535
12961,37.640762,23.030859
12962,37.651775,23.011175
12963,34.974903,19.039360
12964,34.985943,19.019688
12965,34.996975,19.000010
12966,35.007999,18.980330
12967,35.019047,18.960665
12968,35.030090,18.940998
12969,35.041119,18.921324
12970,35.052155,18.901651
12971,35.063190,18.881983
12972,35.074230,18.862310
12973,35.085258,18.842630
12974,35.096298,18.822960
12975,35.107330,18.803280
12976,35.118343,18.783606
12977,35.129406,18.763939
12978,35.140411,18.744255
12979,35.151474,18.724600
12980,35.162491,18.704916
12981,35.173519,18.685246
12982,35.184586,18.665594
12983,35.195602,18.645905
12984,35.206627,18.626238
12985,35.217667,18.606562
12986,35.228691,18.586893
12987,39.326805,8.031400
12988,39.294960,7.957178
12989,39.263119,7.882967
12990,39.231281,7.808752
12991,39.199432,7.734522
12992,39.167599,7.660310
12993,39.135746,7.586095
12994,39.103905,7.511873
12995,39.072056,7.437652
12996,46.582390,28.273540
12997,46.611809,28.221060
12998,46.641247,28.168612
12999,46.670670,28.116148
13000,46.700096,28.063698
13001,46.729515,28.011248
13002,46.758965,27.958780
13003,46.788364,27.906307
13004,46.817795,27.853853
13005,42.277069,31.025274
13006,42.306503,30.972799
13007,42.335960,30.920362
13008,42.365349,30.867861
13009,42.394791,30.815439
13010,42.424194,30.762960
13011,42.453655,30.710516
13012,42.483067,30.658045
13013,42.512482,30.605593
13014,31.827143,30.205450
13015,31.840986,30.179258
13016,31.854826,30.153074
13017,31.868673,30.126900
13018,31.882521,30.100723
13019,31.896357,30.074541
13020,31.910219,30.048361
13021,31.924051,30.022179
13022,31.937899,29.996002
13023,31.951746,29.969839
13024,31.965601,29.943655
13025,31.979437,29.917471
13026,31.993280,29.891296
13027,32.007130,29.865112
13028,32.020958,29.838930
13029,34.174541,37.948887
13030,34.190571,37.922375
13031,34.206577,37.895840
13032,34.222607,37.869301
13033,34.238609,37.842766
13034,34.254612,37.816227
13035,34.270645,37.789700
13036,34.286667,37.763172
13037,34.302666,37.736641
13038,34.318699,37.710121
13039,34.334702,37.683575
13040,34.350712,37.657040
13041,34.366730,37.630512
13042,34.382744,37.603985
13043,34.398762,37.577454
13044,20.990267,23.338675
13045,21.004984,23.330753
13046,21.019728,23.322845
13047,21.034452,23.314932
13048,21.049170,23.307018
13049,21.063906,23.299109
13050,21.078630,23.291185
13051,21.093351,23.283276
13052,21.108084,23.275370
13053,21.122812,23.267454
13054,21.137533,23.259541
13055,21.152269,23.251631
13056,21.166986,23.243715
13057,21.181719,23.235800
13058,21.196451,23.227896
13059,15.792290,30.616932
13060,15.809938,30.585464
13061,15.827579,30.553989
13062,15.845266,30.522520
13063,15.862936,30.491060
13064,15.880585,30.459572
13065,15.898232,30.428095
13066,15.915888,30.396627
13067,15.933535,30.365128
13068,15.951195,30.333664
13069,15.968843,30.302181
13070,15.986517,30.270712
13071,16.004152,30.239239
13072,16.021820,30.207745
13073,16.039473,30.176285
13074,30.451715,30.059484
13075,30.454130,30.042034
13076,30.456537,30.024567
13077,30.458952,30.007128
13078,30.461367,29.989666
13079,30.463781,29.972223
13080,30.466188,29.954752
13081,30.468588,29.937294
13082,30.471006,29.919847
13083,30.473410,29.902393
13084,30.475843,29.884937
13085,30.478243,29.867476
13086,30.480642,29.850018
13087,30.483057,29.832563
13088,30.485468,29.815115
13089,20.324923,37.184616
13090,20.371548,37.134682
13091,20.418180,37.084789
13092,20.464830,37.034863
13093,20.511465,36.984951
13094,20.558115,36.935024
13095,20.604750,36.885128
13096,20.651409,36.835224
13097,16.481234,36.132011
13098,16.523790,36.068535
13099,16.566341,36.005028
13100,16.608912,35.941551
13101,16.651464,35.878075
13102,16.694044,35.814598
13103,16.736626,35.751125
13104,16.779161,35.687637
13105,12.211228,31.627872
13106,12.253780,31.564386
13107,12.296357,31.500906
13108,12.338905,31.437450
13109,12.381461,31.373955
13110,12.424056,31.310463
13111,12.466609,31.246984
13112,12.509138,31.183489
13113,61.746288,16.381519
13114,61.775700,16.329048
13115,61.805141,16.276592
13116,61.834553,16.224129
13117,61.863991,16.171679
13118,61.893417,16.119207
13119,61.922825,16.066746
13120,61.952259,16.014286
13121,61.981682,15.961817
13122,56.658504,28.321459
13123,56.645985,28.317055
13124,56.633446,28.312635
13125,56.620934,28.308226
13126,56.608410,28.303816
13127,56.595886,28.299395
13128,56.583351,28.294987
13129,56.570827,28.290564
13130,56.558300,28.286158
13131,52.933670,22.511126
13132,52.975124,22.466743
13133,53.016552,22.422400
13134,53.058044,22.378004
13135,53.099483,22.333658
13136,53.140961,22.289288
13137,53.182369,22.244890
13138,53.223843,22.200537
13139,53.265312,22.156174
13140,17.085091,18.460701
13141,17.126549,18.416342
13142,17.168007,18.371969
13143,17.209469,18.327612
13144,17.250946,18.283241
13145,17.292377,18.238865
13146,17.333832,18.194502
13147,17.375286,18.150133
13148,17.416735,18.105766
13149,18.916121,14.024125
13150,18.937132,14.018205
13151,18.945124,14.029700
13152,18.953138,14.041199
13153,18.961134,14.052682
13154,18.969122,14.064167
13155,18.977133,14.075677
13156,18.985140,14.087161
13157,18.993139,14.098660
13158,26.781120,25.913784
13159,26.818935,25.857336
13160,26.856785,25.800907
13161,26.894608,25.744484
13162,26.932446,25.688055
13163,26.970266,25.631636
13164,27.008118,25.575211
13165,27.047508,25.523926
13166,27.088936,25.479555
13167,52.078995,37.880653
13168,52.100319,37.863716
13169,52.121666,37.846718
13170,52.143044,37.829754
13171,52.164371,37.812775
13172,52.185703,37.795822
13173,52.207054,37.778843
13174,52.228409,37.761868
13175,52.249756,37.744892
13176,52.271107,37.727924
13177,52.292412,37.710976
13178,56.698448,39.013832
13179,56.722488,38.970886
13180,56.746597,38.927982
13181,56.770668,38.885056
13182,56.794735,38.842163
13183,56.818794,38.799221
13184,56.842892,38.756294
13185,56.866924,38.713367
13186,56.891022,38.670448
13187,56.915085,38.627518
13188,56.939167,38.584621
13189,66.149147,40.013279
13190,66.189827,39.987980
13191,66.230507,39.962681
13192,66.271217,39.937378
13193,66.311882,39.912079
13194,66.352600,39.886768
13195,66.393288,39.861469
13196,66.433998,39.836174
13197,66.474663,39.810867
13198,66.515373,39.785568
13199,66.556061,39.760277
13200,54.154209,34.617275
13201,54.185162,34.587631
13202,54.216125,34.557987
13203,54.247074,34.528351
13204,54.278030,34.498707
13205,54.308990,34.469055
13206,54.339958,34.439430
13207,54.370918,34.409779
13208,54.401859,34.380131
13209,54.432804,34.350494
13210,54.463779,34.320850
13211,62.475094,25.464060
13212,62.499119,25.457098
13213,62.523117,25.450148
13214,62.547165,25.443155
13215,62.571159,25.436205
13216,62.595192,25.429239
13217,62.619202,25.422281
13218,62.643230,25.415304
13219,62.667210,25.408354
13220,62.691284,25.401369
13221,62.715282,25.394400
13222,72.935562,24.001268
13223,72.964478,23.997541
13224,72.993401,23.993822
13225,73.022385,23.990076
13226,73.051338,23.986338
13227,73.080299,23.982626
13228,73.109245,23.978888
13229,73.138145,23.975157
13230,73.167122,23.971430
13231,73.196068,23.967691
13232,73.224998,23.963961
13233,72.907738,24.899277
13234,72.940819,24.840275
13235,72.973900,24.781250
13236,73.007011,24.722206
13237,73.040123,24.663198
13238,73.073235,24.604195
13239,73.106331,24.545176
13240,73.139450,24.486158
13241,87.848099,14.026757
13242,87.881088,14.017190
13243,87.914085,14.007619
13244,87.947151,13.998040
13245,87.980171,13.988465
13246,88.013222,13.978883
13247,88.046242,13.969304
13248,88.079216,13.959737
13249,65.472824,36.380173
13250,65.496574,36.373383
13251,65.520302,36.366600
13252,65.544060,36.359791
13253,65.567780,36.353008
13254,65.591507,36.346207
13255,65.615273,36.339424
13256,65.638977,36.332630
13257,65.662743,36.325840
13258,65.686470,36.319042
13259,65.710213,36.312256
13260,66.941978,32.066154
13261,66.980217,32.041050
13262,67.018532,32.015926
13263,67.056786,31.990801
13264,67.095055,31.965681
13265,67.133308,31.940569
13266,67.171593,31.915451
13267,67.209869,31.890333
13268,67.248146,31.865221
13269,67.286430,31.840090
13270,67.324684,31.814972
13271,77.463242,18.828806
13272,77.429932,18.837202
13273,77.396614,18.845604
13274,77.363297,18.854002
13275,77.329987,18.862402
13276,77.296669,18.870798
13277,77.263359,18.879202
13278,77.230049,18.887594
13279,77.196739,18.895996
13280,77.163422,18.904400
13281,77.130104,18.912792
13282,71.563728,38.549118
13283,71.587227,38.542324
13284,71.610764,38.535511
13285,71.634224,38.528702
13286,71.657715,38.521904
13287,71.681229,38.515091
13288,71.704704,38.508301
13289,71.728210,38.501499
13290,71.751732,38.494682
13291,71.775223,38.487892
13292,71.798683,38.481064
13293,73.336937,21.266552
13294,73.326149,21.265104
13295,73.315346,21.263645
13296,73.304550,21.262194
13297,73.293747,21.260736
13298,73.282951,21.259287
13299,73.272163,21.257835
13300,73.261360,21.256378
13301,73.250557,21.254927
13302,73.239761,21.253471
13303,73.228966,21.252018
13304,65.036957,28.258600
13305,65.062813,28.251120
13306,65.088646,28.243639
13307,65.114487,28.236168
13308,65.140335,28.228668
13309,65.166206,28.221176
13310,65.192070,28.213701
13311,65.217873,28.206219
13312,65.243759,28.198711
13313,65.269600,28.191248
13314,71.612953,22.444914
13315,71.596153,22.443485
13316,71.579353,22.442053
13317,71.562553,22.440620
13318,71.545761,22.439190
13319,71.528954,22.437761
13320,71.512169,22.436327
13321,71.495354,22.434902
13322,71.478569,22.433470
13323,71.461761,22.432037
13324,67.518745,24.053284
13325,67.555428,24.021986
13326,67.592125,23.990692
13327,67.628822,23.959396
13328,67.665520,23.928106
13329,67.702194,23.896801
13330,67.738869,23.865498
13331,67.775581,23.834209
13332,67.812286,23.802927
13333,67.848953,23.771624
13334,87.672989,21.637255
13335,87.696182,21.598886
13336,87.719383,21.560499
13337,87.742592,21.522120
13338,87.765785,21.483757
13339,87.788986,21.445393
13340,87.812164,21.407000
13341,87.835381,21.368612
13342,87.858559,21.330225
13343,87.881737,21.291849
13344,74.230446,22.127104
13345,74.174141,22.135889
13346,74.117821,22.144678
13347,74.061516,22.153469
13348,74.005203,22.162260
13349,73.948891,22.171053
13350,73.892601,22.179846
13351,73.836296,22.188633
13352,73.779984,22.197420
13353,73.723671,22.206211
13354,74.560799,15.080365
13355,74.552643,15.066924
13356,74.544456,15.053483
13357,74.536293,15.040046
13358,74.528099,15.026591
13359,74.519936,15.013154
13360,74.511757,14.999700
13361,74.503593,14.986260
13362,74.495422,14.972815
13363,74.487236,14.959361
13364,109.281761,30.724546
13365,109.201302,30.737104
13366,109.120872,30.749653
13367,109.040428,30.762211
13368,108.959999,30.774769
13369,108.879555,30.787338
13370,108.799118,30.799887
13371,102.629074,25.077784
13372,102.663048,25.018623
13373,102.697037,24.959497
13374,102.731041,24.900366
13375,102.764977,24.841230
13376,102.798981,24.782082
13377,102.832985,24.722929
13378,100.134087,24.240168
13379,100.168938,24.168680
13380,100.203819,24.097206
13381,100.238693,24.025740
13382,100.273560,23.954266
13383,100.308441,23.882795
13384,100.343292,23.811308
13385,86.370178,24.198486
13386,86.412766,24.167681
13387,86.455330,24.136890
13388,86.497955,24.106096
13389,86.540535,24.075304
13390,86.583115,24.044506
13391,86.625710,24.013718
13392,86.668312,23.982920
13393,86.710907,23.952127
13394,86.753487,23.921326
13395,87.282890,22.591206
13396,87.325485,22.560415
13397,87.368080,22.529619
13398,87.410675,22.498823
13399,87.453239,22.468039
13400,87.495872,22.437227
13401,87.538422,22.406439
13402,87.581017,22.375654
13403,87.623642,22.344849
13404,87.666214,22.314060
13405,89.971672,-15.145682
13406,89.909325,-15.214627
13407,89.846992,-15.283599
13408,89.784653,-15.352550
13409,89.722328,-15.421515
13410,89.659996,-15.490470
13411,89.597649,-15.559432
13412,89.535301,-15.628377
13413,89.472984,-15.697345
13414,89.410645,-15.766299
13415,71.932373,33.789352
13416,71.973534,33.756329
13417,72.014732,33.723305
13418,72.055893,33.690277
13419,72.097084,33.657261
13420,72.138283,33.624233
13421,72.179436,33.591217
13422,72.220627,33.558182
13423,72.261826,33.525166
13424,72.302986,33.492153
13425,84.667503,34.556072
13426,84.663261,34.548420
13427,84.659004,34.540764
13428,84.654747,34.533104
13429,84.650505,34.525459
13430,84.646263,34.517815
13431,84.642014,34.510159
13432,80.748833,32.563522
13433,80.744118,32.553234
13434,80.739372,32.542953
13435,80.734650,32.532661
13436,80.729942,32.522400
13437,80.725212,32.512112
13438,80.720482,32.501839
13439,91.511490,20.897852
13440,91.499802,20.878637
13441,91.488129,20.859423
13442,91.476433,20.840219
13443,91.464760,20.821016
13444,91.453094,20.801804
13445,91.441422,20.782610
13446,72.784538,25.937231
13447,72.807510,25.917673
13448,72.830437,25.898100
13449,72.853355,25.878538
13450,72.876251,25.858986
13451,72.899231,25.839445
13452,72.922112,25.819868
13453,72.945061,25.800310
13454,72.968010,25.780752
13455,72.990952,25.761198
13456,73.013847,25.741623
13457,73.036797,25.722071
13458,73.059738,25.702517
13459,73.082687,25.682970
13460,73.105598,25.663395
13461,73.128502,25.643833
13462,70.385429,31.620283
13463,70.406670,31.605053
13464,70.427940,31.589798
13465,70.449234,31.574583
13466,70.470490,31.559341
13467,70.491722,31.544098
13468,70.512993,31.528868
13469,70.534248,31.513632
13470,70.555527,31.498383
13471,70.576775,31.483141
13472,70.598045,31.467918
13473,70.619308,31.452690
13474,70.640556,31.437464
13475,70.661858,31.422228
13476,70.683098,31.406979
13477,70.704353,31.391748
13478,80.855263,20.367920
13479,80.807617,20.380089
13480,80.759987,20.392262
13481,80.712364,20.404432
13482,80.664726,20.416603
13483,80.617096,20.428774
13484,80.569466,20.440947
13485,80.521828,20.453115
13486,80.474190,20.465290
13487,80.426567,20.477459
13488,80.378929,20.489634
13489,80.331306,20.501806
13490,80.283661,20.513979
13491,80.236038,20.526150
13492,80.188408,20.538321
13493,80.140770,20.550489
13494,53.349083,23.372149
13495,53.322315,23.374039
13496,53.295559,23.375925
13497,53.268799,23.377815
13498,53.242046,23.379715
13499,53.215275,23.381594
13500,53.188522,23.383499
13501,53.161774,23.385378
13502,53.135002,23.387270
13503,53.108246,23.389168
13504,53.081482,23.391041
13505,53.054733,23.392944
13506,53.027977,23.394835
13507,53.001209,23.396721
13508,52.974461,23.398613
13509,52.947693,23.400507
13510,67.834221,13.407977
13511,67.813507,13.413842
13512,67.792793,13.419706
13513,67.772072,13.425570
13514,67.751381,13.431436
13515,67.730659,13.437305
13516,67.709961,13.443165
13517,67.689255,13.449026
13518,67.668549,13.454895
13519,67.647835,13.460756
13520,67.627121,13.466619
13521,67.606415,13.472479
13522,72.609932,28.959187
13523,72.633583,28.953806
13524,72.657249,28.948494
13525,72.680931,28.943138
13526,72.704582,28.937801
13527,72.728249,28.932463
13528,72.751923,28.927099
13529,72.775574,28.921755
13530,72.799232,28.916407
13531,72.822899,28.911074
13532,72.846581,28.905718
13533,72.870216,28.900383
13534,73.051468,28.779034
13535,73.075150,28.773687
13536,73.098808,28.768309
13537,73.122452,28.763000
13538,73.146118,28.757648
13539,73.169807,28.752310
13540,73.193451,28.746969
13541,73.217148,28.741602
13542,73.240784,28.736238
13543,73.264442,28.730913
13544,73.288124,28.725573
13545,73.311760,28.720217
13546,84.315590,22.967695
13547,84.311928,22.959692
13548,84.308243,22.951693
13549,84.304573,22.943701
13550,84.300919,22.935720
13551,84.297218,22.927713
13552,84.293541,22.919716
13553,84.289879,22.911715
13554,84.286201,22.903721
13555,77.737961,16.870459
13556,77.728867,16.855518
13557,77.719795,16.840588
13558,77.710709,16.825647
13559,77.701630,16.810707
13560,77.692543,16.795769
13561,77.683464,16.780834
13562,77.674377,16.765892
13563,77.665298,16.750956
13564,56.291718,35.659649
13565,56.324532,35.636066
13566,56.357372,35.612488
13567,56.390217,35.588913
13568,56.423054,35.565342
13569,56.455883,35.541767
13570,56.488720,35.518177
13571,56.521564,35.494614
13572,56.554382,35.471024
13573,56.587227,35.447456
13574,56.620064,35.423893
13575,56.652905,35.400295
13576,56.685734,35.376728
13577,44.426697,30.792864
13578,44.446613,30.786228
13579,44.466503,30.779612
13580,44.486397,30.772955
13581,44.506264,30.766335
13582,44.526184,30.759672
13583,44.546066,30.753048
13584,44.565994,30.746410
13585,44.585880,30.739761
13586,44.605770,30.733130
13587,44.625660,30.726480
13588,44.645542,30.719854
13589,44.665474,30.713230
13590,52.146996,29.167202
13591,52.130920,29.154860
13592,52.114834,29.142511
13593,52.098755,29.130171
13594,52.082664,29.117826
13595,52.066589,29.105484
13596,52.050507,29.093145
13597,52.034424,29.080797
13598,52.018345,29.068455
13599,52.002258,29.056114
13600,51.986183,29.043776
13601,51.970108,29.031435
13602,51.954025,29.019087
13603,47.560696,33.451256
13604,47.599503,33.423389
13605,47.638317,33.395531
13606,47.677109,33.367661
13607,47.715923,33.339798
13608,47.754726,33.311932
13609,47.793530,33.284081
13610,47.832359,33.256207
13611,47.871166,33.228344
13612,47.909969,33.200478
13613,47.948776,33.172623
13614,55.966946,31.609650
13615,55.997837,31.587488
13616,56.028801,31.565344
13617,56.059692,31.543169
13618,56.090618,31.521008
13619,56.121567,31.498840
13620,56.152489,31.476690
13621,56.183399,31.454527
13622,56.214310,31.432367
13623,56.245270,31.410202
13624,56.276169,31.388035
13625,58.325901,35.220108
13626,58.366615,35.194805
13627,58.407288,35.169510
13628,58.447987,35.144211
13629,58.488697,35.118900
13630,58.529362,35.093609
13631,58.570068,35.068302
13632,58.610767,35.042999
13633,58.651455,35.017700
13634,58.692162,34.992397
13635,58.732838,34.967094
13636,55.804989,30.818720
13637,55.826786,30.813868
13638,55.848629,30.809013
13639,55.870468,30.804148
13640,55.892246,30.799305
13641,55.914074,30.794453
13642,55.935898,30.789600
13643,55.957733,30.784737
13644,55.979542,30.779884
13645,56.001362,30.775038
13646,56.023186,30.770178
13647,75.463219,30.638304
13648,75.486458,30.618658
13649,75.509682,30.598986
13650,75.532875,30.579325
13651,75.556084,30.559656
13652,75.579308,30.539995
13653,75.602539,30.520327
13654,75.625748,30.500666
13655,75.648949,30.481009
13656,75.672188,30.461344
13657,75.695389,30.441660
13658,92.847221,23.920980
13659,92.874344,23.865385
13660,92.901466,23.809805
13661,92.928574,23.754208
13662,92.955681,23.698603
13663,92.982803,23.643026
13664,93.009926,23.587427
13665,93.037056,23.531832
13666,93.064171,23.476240
13667,90.037476,28.487326
13668,90.064613,28.431725
13669,90.091736,28.376146
13670,90.118828,28.320539
13671,90.145966,28.264967
13672,90.173096,28.209373
13673,90.200211,28.153782
13674,90.227341,28.098188
13675,90.254456,28.042576
13676,90.705116,29.400335
13677,90.732246,29.344740
13678,90.759346,29.289148
13679,90.786469,29.233562
13680,90.813583,29.177969
13681,90.840706,29.122356
13682,90.867828,29.066778
13683,90.894951,29.011189
13684,90.922066,28.955603
13685,38.183224,41.462570
13686,38.206978,41.455799
13687,38.230667,41.448990
13688,38.254440,41.442196
13689,38.278168,41.435436
13690,38.301918,41.428619
13691,38.325645,41.421837
13692,38.349388,41.415035
13693,38.373150,41.408237
13694,38.396873,41.401455
13695,38.420601,41.394653
13696,43.076717,20.033989
13697,43.101639,20.032553
13698,43.126553,20.031088
13699,43.151474,20.029625
13700,43.176407,20.028187
13701,43.201355,20.026728
13702,43.226280,20.025290
13703,43.251221,20.023832
13704,43.276134,20.022362
13705,43.301056,20.020922
13706,43.325981,20.019482
13707,20.142603,35.786179
13708,20.176514,35.749878
13709,20.210426,35.713577
13710,20.244373,35.677280
13711,20.278238,35.640972
13712,20.312187,35.604679
13713,20.346130,35.568378
13714,20.379997,35.532051
13715,20.413971,35.495792
13716,20.447840,35.459476
13717,20.481781,35.423187
13718,41.485085,27.412615
13719,41.519005,27.376316
13720,41.552917,27.340015
13721,41.586838,27.303709
13722,41.620762,27.267418
13723,41.654671,27.231112
13724,41.688591,27.194815
13725,41.722515,27.158504
13726,41.756432,27.122217
13727,41.790356,27.085913
13728,41.824276,27.049608
13729,41.187378,29.703856
13730,41.209583,29.658373
13731,41.231758,29.612894
13732,41.253948,29.567404
13733,41.276131,29.521925
13734,41.298328,29.476427
13735,41.320511,29.430954
13736,41.342712,29.385462
13737,41.364883,29.339973
13738,41.387085,29.294493
13739,41.409271,29.249004
13740,48.533222,30.163599
13741,48.567142,30.127306
13742,48.601067,30.091005
13743,48.634968,30.054699
13744,48.668888,30.018398
13745,48.702805,29.982107
13746,48.736710,29.945807
13747,48.770660,29.909504
13748,48.804573,29.873205
13749,48.838493,29.836908
13750,48.872398,29.800602
13751,47.317963,34.190601
13752,47.351891,34.154301
13753,47.385803,34.117992
13754,47.419716,34.081696
13755,47.453644,34.045406
13756,47.487579,34.009113
13757,47.521481,33.972805
13758,47.555420,33.936493
13759,47.589317,33.900208
13760,47.623245,33.863892
13761,47.657146,33.827591
13762,58.735527,24.110815
13763,58.764473,24.106840
13764,58.793415,24.102888
13765,58.822380,24.098890
13766,58.851311,24.094954
13767,58.880253,24.090963
13768,58.909180,24.087008
13769,58.938087,24.083052
13770,58.967068,24.079054
13771,58.995998,24.075102
13772,59.024940,24.071119
13773,46.862587,34.138798
13774,46.896530,34.102501
13775,46.930439,34.066196
13776,46.964355,34.029892
13777,46.998260,33.993595
13778,47.032196,33.957298
13779,47.066120,33.921001
13780,47.100037,33.884689
13781,47.133938,33.848392
13782,47.167854,33.812096
13783,47.201790,33.775787
13784,75.232628,13.577986
13785,75.222404,13.561189
13786,75.212189,13.544377
13787,75.201981,13.527577
13788,75.191750,13.510766
13789,75.181541,13.493951
13790,75.171326,13.477155
13791,75.161110,13.460352
13792,71.294365,25.481432
13793,71.340218,25.442301
13794,71.386070,25.403181
13795,71.431984,25.364082
13796,71.477821,25.324936
13797,71.523689,25.285822
13798,71.569557,25.246714
13799,71.615410,25.207582
13800,68.118874,27.704369
13801,68.115181,27.697668
13802,68.111465,27.690981
13803,68.107742,27.684282
13804,68.104027,27.677588
13805,68.100304,27.670889
13806,68.096588,27.664202
13807,68.092857,27.657499
13808,60.367123,29.340889
13809,60.372921,29.344046
13810,60.378716,29.347193
13811,60.384499,29.350344
13812,60.390305,29.353498
13813,60.396107,29.356663
13814,60.401909,29.359818
13815,60.407700,29.362972
13816,60.413502,29.366125
13817,60.419285,29.369272
13818,60.425076,29.372416
13819,60.430897,29.375587
13820,60.436687,29.378731
13821,60.442474,29.381889
13822,60.448280,29.385038
13823,60.454071,29.388189
13824,60.459873,29.391352
13825,60.465652,29.394499
13826,60.471458,29.397655
13827,60.477261,29.400810
13828,51.929546,17.202383
13829,51.941750,17.177345
13830,51.953957,17.152340
13831,51.966167,17.127329
13832,51.978386,17.102312
13833,51.990570,17.077291
13834,52.002766,17.052263
13835,52.014969,17.027264
13836,52.027172,17.002234
13837,52.039387,16.977213
13838,52.051579,16.952200
13839,52.063793,16.927191
13840,52.075985,16.902168
13841,52.088192,16.877155
13842,52.100391,16.852140
13843,52.112610,16.827126
13844,52.124821,16.802116
13845,52.137005,16.777086
13846,52.149220,16.752073
13847,52.161438,16.727053
13848,57.754169,38.203487
13849,57.752529,38.199905
13850,57.750881,38.196289
13851,57.749229,38.192699
13852,57.747570,38.189091
13853,57.745922,38.185497
13854,57.744263,38.181911
13855,57.742592,38.178303
13856,57.740971,38.174709
13857,57.739307,38.171116
13858,57.737656,38.167507
13859,57.736012,38.163921
13860,57.734360,38.160324
13861,57.732697,38.156712
13862,57.731064,38.153126
13863,57.729401,38.149536
13864,57.727745,38.145931
13865,57.726097,38.142334
13866,57.724434,38.138729
13867,57.722786,38.135132
13868,55.208046,32.644371
13869,55.206558,32.641693
13870,55.205082,32.639008
13871,55.203583,32.636330
13872,55.202106,32.633656
13873,55.200619,32.630981
13874,55.199123,32.628296
13875,55.197639,32.625629
13876,55.196152,32.622940
13877,55.194668,32.620266
13878,55.193180,32.617592
13879,55.191685,32.614902
13880,55.190212,32.612236
13881,55.188717,32.609550
13882,55.187233,32.606865
13883,55.185749,32.604198
13884,55.184269,32.601524
13885,55.182770,32.598831
13886,55.181297,32.596176
13887,55.179794,32.593483
13888,50.934891,27.233740
13889,50.940269,27.216265
13890,50.945660,27.198811
13891,50.951054,27.181335
13892,50.956448,27.163868
13893,50.961823,27.146400
13894,50.967239,27.128952
13895,50.972614,27.111481
13896,50.977989,27.094002
13897,50.983387,27.076538
13898,50.988785,27.059076
13899,50.994171,27.041609
13900,50.999565,27.024145
13901,51.004951,27.006670
13902,51.010334,26.989214
13903,51.015739,26.971743
13904,51.021114,26.954269
13905,51.026516,26.936808
13906,51.031876,26.919329
13907,51.037289,26.901882
13908,52.256638,31.125044
13909,52.275288,31.105085
13910,52.293919,31.085108
13911,52.312607,31.065147
13912,52.331284,31.045187
13913,52.349964,31.025225
13914,52.368561,31.005257
13915,52.387226,30.985273
13916,52.405884,30.965336
13917,52.424541,30.945353
13918,52.443199,30.925419
13919,52.461872,30.905434
13920,52.480492,30.885466
13921,52.499161,30.865494
13922,52.517818,30.845541
13923,52.536480,30.825571
13924,52.555145,30.805595
13925,52.573795,30.785639
13926,52.592461,30.765667
13927,52.611099,30.745741
13928,60.872158,-2.521296
13929,60.809826,-2.590258
13930,60.747490,-2.659220
13931,60.685158,-2.728179
13932,60.622814,-2.797131
13933,60.560471,-2.866086
13934,60.498138,-2.935050
13935,60.435810,-3.004008
13936,60.373466,-3.072963
13937,60.311138,-3.141921
13938,53.634098,20.831757
13939,53.658501,20.781731
13940,53.682903,20.731682
13941,53.707321,20.681650
13942,53.731720,20.631634
13943,53.756134,20.581600
13944,53.780533,20.531563
13945,53.804955,20.481529
13946,53.829357,20.431501
13947,53.853779,20.381466
13948,62.566307,29.132887
13949,62.563000,29.125692
13950,62.559685,29.118490
13951,62.556377,29.111292
13952,62.553093,29.104105
13953,62.549774,29.096912
13954,62.546459,29.089706
13955,62.543179,29.082520
13956,62.539864,29.075315
13957,62.536552,29.068129
13958,64.829796,26.344709
13959,64.856270,26.297510
13960,64.882759,26.250303
13961,64.909264,26.203087
13962,64.935722,26.155865
13963,64.962196,26.108648
13964,64.988686,26.061434
13965,65.015190,26.014227
13966,65.041664,25.967001
13967,65.068138,25.919807
13968,35.577122,18.131479
13969,35.563030,18.126516
13970,35.548931,18.121555
13971,35.534851,18.116587
13972,35.520756,18.111622
13973,35.506660,18.106659
13974,35.492569,18.101694
13975,35.478477,18.096729
13976,26.817400,23.079508
13977,26.864027,23.029600
13978,26.910643,22.979673
13979,26.957312,22.929783
13980,27.003946,22.879850
13981,27.050592,22.829943
13982,27.097254,22.780039
13983,27.143854,22.730120
13984,42.527386,21.546038
13985,42.560486,21.487015
13986,42.593586,21.427994
13987,42.626686,21.368982
13988,42.659794,21.309956
13989,42.692902,21.250944
13990,42.726009,21.191919
13991,42.759117,21.132900
13992,23.513622,16.876478
13993,23.540840,16.812304
13994,23.578648,16.755253
13995,23.619385,16.700178
13996,23.660133,16.645100
13997,23.700888,16.590027
13998,23.741623,16.534952
13999,23.782377,16.479877
14000,25.161486,8.664635
14001,25.183374,8.627712
14002,25.205265,8.590785
14003,25.227154,8.553861
14004,25.249044,8.516934
14005,25.270933,8.480010
14006,25.292826,8.443084
14007,25.314711,8.406159
14008,36.621616,26.547369
14009,36.645203,26.533827
14010,36.668747,26.520277
14011,36.692295,26.506708
14012,36.715858,26.493174
14013,36.739429,26.479630
14014,36.762974,26.466070
14015,36.786537,26.452534
14016,37.176292,13.822101
14017,37.200905,13.776443
14018,37.225502,13.730764
14019,37.250107,13.685094
14020,37.274731,13.639424
14021,37.299358,13.593773
14022,37.323963,13.548104
14023,37.348564,13.502433
14024,37.373188,13.456771
14025,37.397785,13.411092
14026,37.422405,13.365431
14027,22.554386,19.167492
14028,22.578436,19.124569
14029,22.602554,19.081671
14030,22.626608,19.038736
14031,22.650700,18.995823
14032,22.674742,18.952881
14033,22.698841,18.909975
14034,22.722885,18.867043
14035,22.746990,18.824131
14036,22.771063,18.781208
14037,22.795124,18.738285
14038,32.565720,18.070089
14039,32.589798,18.027172
14040,32.613869,17.984253
14041,32.637951,17.941319
14042,32.662010,17.898397
14043,32.686092,17.855482
14044,32.710167,17.812565
14045,32.734257,17.769630
14046,32.758308,17.726707
14047,32.782394,17.683783
14048,32.806477,17.640863
14049,5.944883,23.971308
14050,5.989109,23.952295
14051,6.033331,23.933270
14052,6.077565,23.914274
14053,6.121779,23.895262
14054,6.166030,23.876236
14055,6.210248,23.857233
14056,4.641058,36.790440
14057,4.689713,36.717911
14058,4.738370,36.645355
14059,4.787008,36.572803
14060,4.835670,36.500256
14061,4.884266,36.427685
14062,4.932911,36.355156
14063,60.866089,30.139021
14064,60.892776,30.132685
14065,60.919422,30.126383
14066,60.946064,30.120031
14067,60.972713,30.113726
14068,60.999367,30.107389
14069,61.026039,30.101068
14070,61.052643,30.094736
14071,61.079285,30.088423
14072,61.105942,30.082132
14073,61.132622,30.075758
14074,51.995705,35.929516
14075,52.027241,35.892021
14076,52.058754,35.854519
14077,52.090279,35.817024
14078,52.121788,35.779545
14079,52.153320,35.742043
14080,52.184849,35.704571
14081,52.216370,35.667057
14082,52.247879,35.629566
14083,52.279404,35.592079
14084,52.310913,35.554581
14085,17.323277,38.387379
14086,17.357195,38.351093
14087,17.391136,38.314770
14088,17.425034,38.278477
14089,17.458954,38.242172
14090,17.492870,38.205887
14091,17.526802,38.169594
14092,17.560738,38.133278
14093,17.594635,38.096992
14094,17.628550,38.060680
14095,17.662453,38.024376
14096,33.108471,22.712004
14097,33.083252,22.662249
14098,33.058044,22.612501
14099,33.032829,22.562757
14100,33.007622,22.513002
14101,32.982407,22.463255
14102,32.957191,22.413504
14103,32.931980,22.363752
14104,32.906769,22.314009
14105,32.881561,22.264257
14106,32.856346,22.214506
14107,67.502808,13.583933
14108,67.493729,13.568995
14109,67.484657,13.554056
14110,67.475571,13.539125
14111,67.466499,13.524183
14112,67.457413,13.509236
14113,67.448318,13.494298
14114,67.439240,13.479362
14115,67.430153,13.464427
14116,80.371941,19.698471
14117,80.399048,19.642878
14118,80.426186,19.587292
14119,80.453300,19.531698
14120,80.480431,19.476101
14121,80.507523,19.420511
14122,80.534660,19.364935
14123,80.561790,19.309332
14124,80.588905,19.253740
14125,64.614281,17.406504
14126,64.641403,17.350908
14127,64.668510,17.295315
14128,64.695648,17.239731
14129,64.722771,17.184130
14130,64.749886,17.128550
14131,64.777016,17.072958
14132,64.804123,17.017359
14133,64.831245,16.961765
14134,65.410568,31.484617
14135,65.406898,31.476622
14136,65.403236,31.468636
14137,65.399551,31.460640
14138,65.395866,31.452639
14139,65.392197,31.444641
14140,65.388519,31.436644
14141,65.384865,31.428642
14142,65.381180,31.420649
14143,53.340794,33.231304
14144,53.387436,33.181385
14145,53.434063,33.131451
14146,53.480694,33.081551
14147,53.527321,33.031620
14148,53.573990,32.981728
14149,53.620636,32.931801
14150,53.667244,32.881893
14151,75.203941,29.857220
14152,75.234459,29.794668
14153,75.264961,29.732126
14154,75.295494,29.669590
14155,75.325981,29.607038
14156,75.356499,29.544504
14157,75.387001,29.481956
14158,75.417526,29.419432
14159,53.673695,32.240059
14160,53.711540,32.172619
14161,53.749363,32.105148
14162,53.787239,32.037716
14163,53.825043,31.970263
14164,53.862877,31.902817
14165,53.900696,31.835352
14166,60.834675,30.088224
14167,60.851250,30.097229
14168,60.867802,30.106236
14169,60.884357,30.115263
14170,60.900928,30.124258
14171,60.917488,30.133274
14172,60.934052,30.142286
14173,58.382000,14.903291
14174,58.371796,14.886489
14175,58.361572,14.869678
14176,58.351357,14.852874
14177,58.341133,14.836074
14178,58.330917,14.819275
14179,58.320702,14.802453
14180,58.310486,14.785646
14181,60.574741,17.642632
14182,60.605236,17.580086
14183,60.635754,17.517548
14184,60.666271,17.455013
14185,60.696781,17.392469
14186,60.727280,17.329914
14187,60.757793,17.267378
14188,60.788303,17.204836
14189,49.479675,20.049313
14190,49.514549,19.977827
14191,49.549416,19.906361
14192,49.584282,19.834877
14193,49.619152,19.763401
14194,49.654037,19.691927
14195,49.688892,19.620451
14196,53.377628,25.568110
14197,53.394188,25.577106
14198,53.410748,25.586121
14199,53.427299,25.595121
14200,53.443874,25.604141
14201,53.460426,25.613155
14202,53.476990,25.622164
14203,40.718891,20.020632
14204,40.753761,19.949148
14205,40.788620,19.877670
14206,40.823490,19.806196
14207,40.858353,19.734716
14208,40.893242,19.663250
14209,40.928089,19.591764
14210,48.484715,28.019133
14211,48.468624,28.013470
14212,48.452515,28.007799
14213,48.436413,28.002123
14214,48.420311,27.996447
14215,48.404202,27.990784
14216,48.388107,27.985107
14217,50.360222,24.469774
14218,50.398075,24.402313
14219,50.435894,24.334873
14220,50.473728,24.267416
14221,50.511551,24.199980
14222,50.549389,24.132521
14223,50.587223,24.065084
14224,30.387770,31.255831
14225,30.401594,31.248423
14226,30.415369,31.240997
14227,30.429197,31.233576
14228,30.442995,31.226166
14229,30.456812,31.218746
14230,30.470602,31.211315
14231,30.484411,31.203903
14232,30.498224,31.196495
14233,30.512030,31.189068
14234,30.525843,31.181637
14235,30.539633,31.174223
14236,30.553457,31.166826
14237,30.567259,31.159407
14238,30.581068,31.151983
14239,30.594877,31.144567
14240,20.069040,29.664440
14241,20.077070,29.644377
14242,20.085112,29.624298
14243,20.093142,29.604225
14244,20.101171,29.584148
14245,20.109224,29.564083
14246,20.117231,29.544010
14247,20.125269,29.523924
14248,20.133299,29.503868
14249,20.141352,29.483795
14250,20.149374,29.463722
14251,20.157404,29.443659
14252,20.165442,29.423574
14253,20.173483,29.403517
14254,20.181513,29.383436
14255,20.189524,29.363358
14256,26.281019,34.393665
14257,26.304358,34.368717
14258,26.327696,34.343773
14259,26.351004,34.318810
14260,26.374315,34.293842
14261,26.397650,34.268913
14262,26.420925,34.243919
14263,26.444256,34.218990
14264,26.467615,34.194027
14265,26.490906,34.169079
14266,26.514231,34.144104
14267,26.537548,34.119144
14268,26.560854,34.094185
14269,26.584209,34.069244
14270,26.607523,34.044296
14271,26.630810,34.019333
34033,58.881493,20.049700
34034,58.924080,20.018902
34035,58.966663,19.988117
34036,59.009289,19.957323
34037,59.051853,19.926527
34038,59.094452,19.895731
34039,59.137032,19.864935
34040,59.179619,19.834146
34041,59.222244,19.803356
34042,59.264832,19.772554
34043,98.962166,34.083775
34044,98.986015,34.036762
34045,99.009827,33.989735
34046,99.033646,33.942753
34047,99.057480,33.895729
34048,99.081276,33.848709
34049,99.105080,33.801682
34050,99.128922,33.754681
34051,99.152740,33.707657
34052,99.176537,33.660641
34053,71.090645,29.682703
34054,71.097084,29.677200
34055,71.103523,29.671705
34056,71.109955,29.666203
34057,71.116394,29.660711
34058,71.122810,29.655207
34059,71.129257,29.649715
34060,71.135696,29.644239
34061,71.142128,29.638741
34062,71.148560,29.633253
34063,71.155006,29.627760
34064,71.161446,29.622250
34065,71.167885,29.616781
34066,74.003235,31.723860
34067,74.022018,31.685368
34068,74.040810,31.646894
34069,74.059586,31.608408
34070,74.078339,31.569916
34071,74.097115,31.531435
34072,74.115898,31.492943
34073,74.134666,31.454451
34074,74.153458,31.415972
34075,74.172226,31.377483
34076,74.191025,31.339006
34077,74.209763,31.300495
34078,74.228554,31.262026
34079,75.726387,36.410370
34080,75.734688,36.383495
34081,75.742989,36.356651
34082,75.751274,36.329746
34083,75.759560,36.302883
34084,75.767868,36.276016
34085,75.776161,36.249138
34086,75.784447,36.222279
34087,75.792755,36.195404
34088,75.801003,36.168514
34089,75.809326,36.141663
34090,75.817612,36.114780
34091,75.825897,36.087929
34092,55.414429,17.578272
34093,55.408146,17.567930
34094,55.401855,17.557592
34095,55.395576,17.547255
34096,55.389294,17.536909
34097,55.383011,17.526569
34098,55.376713,17.516226
34099,55.370415,17.505878
34100,55.364132,17.495539
34101,55.357853,17.485193
34102,55.351559,17.474854
34103,55.345276,17.464506
34104,55.338978,17.454166
34105,65.689278,32.851181
34106,65.709656,32.814850
34107,65.730003,32.778526
34108,65.750404,32.742229
34109,65.770767,32.705910
34110,65.791161,32.669586
34111,65.811516,32.633251
34112,65.831909,32.596951
34113,65.852303,32.560646
34114,65.872627,32.524300
34115,65.893028,32.487995
34116,65.913368,32.451683
34117,65.933739,32.415344
34118,67.247475,27.827799
34119,67.266251,27.789295
34120,67.285019,27.750816
34121,67.303795,27.712326
34122,67.322578,27.673838
34123,67.341354,27.635355
34124,67.360123,27.596863
34125,67.378899,27.558376
34126,67.397675,27.519894
34127,67.416451,27.481398
34128,67.435219,27.442915
34129,67.454002,27.404427
34130,67.472778,27.365934
34131,74.101212,23.671030
34132,74.119980,23.632561
34133,74.138748,23.594069
34134,74.157547,23.555571
34135,74.176300,23.517088
34136,74.195076,23.478615
34137,74.213852,23.440117
34138,74.232635,23.401623
34139,74.251419,23.363138
34140,74.270187,23.324659
34141,74.288963,23.286167
34142,74.307739,23.247683
34143,74.326508,23.209206
34144,68.803268,28.622864
34145,68.811562,28.596003
34146,68.819847,28.569122
34147,68.828133,28.542257
34148,68.836433,28.515387
34149,68.844734,28.488510
34150,68.853012,28.461634
34151,68.861320,28.434769
34152,68.869614,28.407892
34153,68.877884,28.381027
34154,68.886185,28.354147
34155,68.894478,28.327280
34156,68.902763,28.300415
34157,68.292824,30.934370
34158,68.311584,30.895887
34159,68.330360,30.857389
34160,68.349129,30.818903
34161,68.367912,30.780411
34162,68.386688,30.741922
34163,68.405449,30.703445
34164,68.424248,30.664965
34165,68.443001,30.626459
34166,68.461784,30.587990
34167,68.480553,30.549501
34168,68.499344,30.511009
34169,68.518112,30.472542
34170,43.271137,27.350521
34171,43.294029,27.331038
34172,43.316975,27.311556
34173,43.339928,27.292044
34174,43.362873,27.272566
34175,43.385811,27.253054
34176,43.408733,27.233574
34177,43.431713,27.214077
34178,43.454605,27.194607
34179,43.477554,27.175102
34180,43.500484,27.155632
34181,31.629440,12.546189
34182,31.650831,12.499608
34183,31.672215,12.453017
34184,31.693588,12.406436
34185,31.714977,12.359844
34186,31.736361,12.313269
34187,31.757750,12.266685
34188,31.779131,12.220100
34189,31.800512,12.173520
34190,31.821899,12.126941
34191,31.843277,12.080348
34192,85.014580,32.042263
34193,85.040916,32.021816
34194,85.067253,32.001377
34195,85.093590,31.980944
34196,85.119881,31.960503
34197,85.146202,31.940077
34198,85.172569,31.919624
34199,85.198875,31.899183
34200,85.225212,31.878757
34201,85.251549,31.858316
34202,85.277840,31.837887
34203,85.304176,31.817438
34204,64.023285,39.274364
34205,64.042404,39.268848
34206,64.061577,39.263283
34207,64.080711,39.257755
34208,64.099831,39.252220
34209,64.118980,39.246674
34210,64.138100,39.241158
34211,64.157265,39.235622
34212,64.176369,39.230087
34213,64.195549,39.224533
34214,64.214684,39.219006
34215,64.233818,39.213470
34216,89.141922,33.573132
34217,89.162270,33.531433
34218,89.182610,33.489746
34219,89.202934,33.448048
34220,89.223282,33.406345
34221,89.243614,33.364666
34222,89.263969,33.322968
34223,89.284309,33.281277
34224,89.304649,33.239586
34225,89.324974,33.197876
34226,89.345314,33.156193
34227,89.365654,33.114502
34228,63.354622,29.039213
34229,63.374607,29.034763
34230,63.394661,29.030306
34231,63.414665,29.025862
34232,63.434673,29.021395
34233,63.454655,29.016968
34234,63.474628,29.012512
34235,63.494678,29.008047
34236,63.514626,29.003616
34237,63.534683,28.999157
34238,63.554657,28.994711
34239,63.574665,28.990253
34240,86.400475,34.668121
34241,86.420296,34.628918
34242,86.440163,34.589748
34243,86.460098,34.550182
34244,86.480415,34.508480
34245,86.500763,34.466785
34246,86.521103,34.425087
34247,86.541451,34.383396
34248,86.561806,34.341717
34249,86.582130,34.300026
34250,86.602463,34.258324
34251,86.622795,34.216637
34252,66.608109,34.904423
34253,66.630501,34.900520
34254,66.652885,34.896626
34255,66.675308,34.892708
34256,66.697685,34.888817
34257,66.720123,34.884903
34258,66.742508,34.881012
34259,66.764877,34.877113
34260,66.787247,34.873207
34261,66.809685,34.869293
34262,66.832069,34.865395
34263,73.690453,36.192307
34264,73.713905,36.184757
34265,73.737389,36.177258
34266,73.760834,36.169712
34267,73.784325,36.162193
34268,73.807785,36.154671
34269,73.831314,36.147133
34270,73.854767,36.139610
34271,73.878204,36.132088
34272,73.901665,36.124557
34273,73.925133,36.117012
34274,78.446922,32.569065
34275,78.453651,32.547237
34276,78.460373,32.525406
34277,78.467102,32.503540
34278,78.473846,32.481735
34279,78.480598,32.459904
34280,78.487328,32.438068
34281,78.494057,32.416237
34282,78.500793,32.394379
34283,78.507538,32.372570
34284,78.514282,32.350723
34285,78.521011,32.328907
34286,78.527763,32.307068
34287,78.534485,32.285217
34288,78.541222,32.263397
34289,78.547951,32.241554
34290,83.196823,33.209274
34291,83.213356,33.179760
34292,83.229897,33.150261
34293,83.246437,33.120720
34294,83.262970,33.091206
34295,83.279533,33.061710
34296,83.296097,33.032211
34297,83.312660,33.002720
34298,83.329208,32.973179
34299,83.345718,32.943676
34300,83.362328,32.914177
34301,83.378838,32.884644
34302,83.395409,32.855133
34303,83.411957,32.825661
34304,83.428520,32.796135
34305,83.445038,32.766628
34306,77.872307,18.703758
34307,77.866028,18.693411
34308,77.859741,18.683073
34309,77.853462,18.672739
34310,77.847153,18.662378
34311,77.840874,18.652039
34312,77.834587,18.641695
34313,77.828316,18.631350
34314,77.822021,18.621006
34315,77.815720,18.610674
34316,77.809441,18.600332
34317,77.803169,18.589985
34318,77.796867,18.579645
34319,75.411674,18.225195
34320,75.405388,18.214853
34321,75.399109,18.204523
34322,75.392822,18.194170
34323,75.386528,18.183817
34324,75.380241,18.173483
34325,75.373955,18.163139
34326,75.367653,18.152802
34327,75.361374,18.142454
34328,75.355087,18.132114
34329,75.348808,18.121786
34330,75.342506,18.111420
34331,75.336220,18.101088
34332,48.833691,32.912590
34333,48.862724,32.904297
34334,48.891743,32.896004
34335,48.920761,32.887699
34336,48.949753,32.879402
34337,48.978775,32.871101
34338,49.007812,32.862793
34339,49.036812,32.854504
34340,49.065807,32.846199
34341,51.418732,32.477974
34342,51.451561,32.438454
34343,51.484417,32.398941
34344,51.517246,32.359409
34345,51.550083,32.319897
34346,51.582924,32.280365
34347,51.615757,32.240833
34348,51.648613,32.201309
34349,51.681431,32.161774
34350,51.773685,34.716537
34351,51.805229,34.709370
34352,51.836796,34.702263
34353,51.868336,34.695141
34354,51.899872,34.688023
34355,51.931442,34.680882
34356,51.962997,34.673752
34357,51.994572,34.666630
34358,52.026108,34.659492
34359,51.989479,35.302238
34360,52.030972,35.257877
34361,52.072399,35.213516
34362,52.113869,35.169147
34363,52.155323,35.124779
34364,52.196793,35.080402
34365,52.238224,35.036041
34366,52.279682,34.991680
34367,52.321136,34.947315
34368,82.732475,23.917398
34369,82.705246,23.919466
34370,82.677979,23.921530
34371,82.650726,23.923613
34372,82.623482,23.925673
34373,82.596214,23.927729
34374,82.568962,23.929800
34375,82.541718,23.931883
34376,88.429527,26.619894
34377,88.443008,26.576227
34378,88.456482,26.532572
34379,88.469971,26.488907
34380,88.483444,26.445230
34381,88.496895,26.401567
34382,88.510368,26.357912
34383,88.523849,26.314236
34384,85.870819,34.411354
34385,85.866692,34.402351
34386,85.862556,34.393364
34387,85.858437,34.384369
34388,85.854301,34.375362
34389,85.850166,34.366367
34390,85.846024,34.357380
34391,85.841896,34.348385
34392,97.549896,28.213709
34393,97.484901,28.224243
34394,97.419899,28.234781
34395,97.354897,28.245314
34396,97.289909,28.255846
34397,97.224930,28.266384
34398,97.159920,28.276917
34399,97.094933,28.287449
34400,97.029938,28.297979
34401,77.610069,38.763535
34402,77.638168,38.757328
34403,77.666222,38.751152
34404,77.694260,38.744926
34405,77.722305,38.738720
34406,77.750381,38.732502
34407,77.778442,38.726299
34408,77.806496,38.720100
34409,77.834549,38.713913
34410,66.805626,23.950720
34411,66.852928,23.916513
34412,66.900261,23.882292
34413,66.947578,23.848072
34414,66.994919,23.813862
34415,67.042229,23.779644
34416,67.089561,23.745420
34417,67.136879,23.711212
34418,67.184227,23.676989
34419,84.655045,26.533762
34420,84.675575,26.493986
34421,84.696098,26.454235
34422,84.716629,26.414454
34423,84.737160,26.374691
34424,84.757683,26.334909
34425,84.778236,26.295156
34426,84.798744,26.255390
34427,84.819267,26.215607
34428,73.793961,27.666052
34429,73.801582,27.659563
34430,73.809181,27.653069
34431,73.816788,27.646574
34432,73.824394,27.640079
34433,73.831993,27.633585
34434,73.839607,27.627087
34435,73.847206,27.620596
34436,73.854813,27.614113
34437,73.862434,27.607613
34438,73.870018,27.601118
34439,63.648445,27.792984
34440,63.658257,27.761215
34441,63.668037,27.729448
34442,63.677834,27.697702
34443,63.687637,27.665955
34444,63.697441,27.634182
34445,63.707245,27.602430
34446,63.717026,27.570669
34447,63.726837,27.538914
34448,63.736633,27.507164
34449,63.746429,27.475401
34450,78.925659,29.144464
34451,78.947838,29.098988
34452,78.970032,29.053503
34453,78.992203,29.008015
34454,79.014412,28.962549
34455,79.036598,28.917040
34456,79.058800,28.871580
34457,79.080978,28.826082
34458,79.103157,28.780596
34459,79.125328,28.735094
34460,79.147537,28.689629
34461,71.827789,29.673721
34462,71.849960,29.628218
34463,71.872169,29.582737
34464,71.894356,29.537256
34465,71.916527,29.491762
34466,71.938744,29.446299
34467,71.960922,29.400820
34468,71.983116,29.355316
34469,72.005280,29.309816
34470,72.027489,29.264341
34471,72.049675,29.218859
34472,66.623650,39.194164
34473,66.643761,39.188416
34474,66.663841,39.182655
34475,66.683929,39.176926
34476,66.704018,39.171181
34477,66.724075,39.165428
34478,66.744171,39.159698
34479,66.764290,39.153923
34480,66.784340,39.148186
34481,66.804420,39.142445
34482,66.824524,39.136696
34483,66.844658,39.130955
34484,66.864685,39.125198
34485,61.109936,25.090090
34486,61.138618,25.059378
34487,61.167313,25.028652
34488,61.196056,24.997955
34489,61.224716,24.967230
34490,61.253418,24.936510
34491,61.282131,24.905804
34492,61.310829,24.875090
34493,61.339523,24.844374
34494,61.368233,24.813641
34495,61.396935,24.782934
34496,61.425613,24.752211
34497,61.454346,24.721502
34498,62.933723,20.366314
34499,62.890400,20.373077
34500,62.847092,20.379831
34501,62.803783,20.386597
34502,62.760452,20.393353
34503,62.717155,20.400118
34504,62.673843,20.406881
34505,62.630520,20.413637
34506,62.587204,20.420403
34507,62.543900,20.427162
34508,62.500572,20.433926
34509,62.457275,20.440689
34510,62.413956,20.447447
34511,65.179710,31.378258
34512,65.205879,31.359510
34513,65.232071,31.340763
34514,65.258217,31.322001
34515,65.284409,31.303255
34516,65.310555,31.284492
34517,65.336708,31.265741
34518,65.362892,31.246998
34519,65.389061,31.228245
34520,65.415230,31.209482
34521,65.441383,31.190731
34522,65.467567,31.171976
34523,65.493736,31.153227
34524,62.639622,28.730911
34525,62.664692,28.697021
34526,62.689762,28.663113
34527,62.714836,28.629232
34528,62.739918,28.595343
34529,62.764992,28.561449
34530,62.790066,28.527552
34531,62.815147,28.493668
34532,62.840206,28.459778
34533,62.865284,28.425882
34534,62.890377,28.391985
34535,62.915451,28.358091
34536,62.940514,28.324190
34537,62.149303,25.908253
34538,62.168087,25.869768
34539,62.186840,25.831276
34540,62.205624,25.792791
34541,62.224419,25.754311
34542,62.243183,25.715811
34543,62.261963,25.677334
34544,62.280727,25.638844
34545,62.299519,25.600359
34546,62.318287,25.561863
34547,62.337070,25.523386
34548,62.355835,25.484900
34549,62.374607,25.446405
34550,18.910139,15.337428
34551,18.932203,15.298090
34552,18.954260,15.258723
34553,18.976351,15.219398
34554,18.998415,15.180045
34555,19.020464,15.140700
34556,19.042551,15.101357
34557,19.064608,15.062005
34558,19.086699,15.022664
34559,19.108767,14.983323
34560,19.130831,14.943980
34561,19.152895,14.904630
34562,33.048683,14.625016
34563,33.070751,14.585665
34564,33.092819,14.546325
34565,33.114902,14.506985
34566,33.136978,14.467643
34567,33.159039,14.428297
34568,33.181110,14.388949
34569,33.203178,14.349607
34570,33.225250,14.310258
34571,33.247311,14.270919
34572,33.269375,14.231563
34573,33.291454,14.192215
34574,21.047924,9.246606
34575,21.038254,9.241767
34576,21.028582,9.236921
34577,21.018913,9.232080
34578,21.009245,9.227235
34579,20.999573,9.222401
34580,20.989904,9.217555
34581,20.980234,9.212710
34582,20.970566,9.207869
34583,20.960882,9.203021
34584,20.951229,9.198184
34585,20.941547,9.193344
34586,14.457293,10.366173
34587,14.479361,10.326829
34588,14.501429,10.287478
34589,14.523512,10.248139
34590,14.545584,10.208789
34591,14.567648,10.169454
34592,14.589705,10.130094
34593,14.611780,10.090751
34594,14.633844,10.051402
34595,14.655916,10.012071
34596,14.677999,9.972724
34597,14.700052,9.933370
34598,-6.256178,21.173908
34599,-6.222254,21.137613
34600,-6.188338,21.101307
34601,-6.154428,21.065001
34602,-6.120507,21.028709
34603,-6.086593,20.992407
34604,-6.052665,20.956108
34605,-6.018734,20.919807
34606,-5.984827,20.883509
34607,-5.950901,20.847206
34608,-5.916983,20.810917
34609,7.873012,4.836888
34610,7.896801,4.835268
34611,7.920601,4.833642
34612,7.944376,4.832024
34613,7.968186,4.830396
34614,7.991971,4.828784
34615,8.015755,4.827162
34616,8.039549,4.825540
34617,8.063332,4.823923
34618,8.087131,4.822297
34619,8.110914,4.820678
34620,-3.397688,32.200352
34621,-3.366739,32.154198
34622,-3.335794,32.108013
34623,-3.304825,32.061848
34624,-3.273860,32.015682
34625,-3.242917,31.969517
34626,-3.211970,31.923332
34627,-3.181015,31.877172
34628,-3.150060,31.831005
34629,-3.119104,31.784838
34630,-3.088149,31.738670
34631,12.843292,1.266706
34632,12.881727,1.234002
34633,12.920176,1.201305
34634,12.958614,1.168609
34635,12.997047,1.135906
34636,13.035479,1.103210
34637,13.073921,1.070514
34638,13.112377,1.037813
34639,13.150814,1.005105
34640,13.189255,0.972413
34641,13.227694,0.939714
34642,48.948898,28.590330
34643,48.975086,28.571571
34644,49.001236,28.552814
34645,49.027416,28.534061
34646,49.053570,28.515320
34647,49.079746,28.496557
34648,49.105923,28.477806
34649,49.132080,28.459064
34650,49.158241,28.440323
34651,49.184414,28.421555
34652,49.210587,28.402815
34653,49.236759,28.384054
34654,49.262909,28.365307
34655,54.477612,14.758387
34656,54.496380,14.719896
34657,54.515152,14.681417
34658,54.533936,14.642922
34659,54.552708,14.604430
34660,54.571487,14.565948
34661,54.590256,14.527461
34662,54.609039,14.488967
34663,54.627815,14.450488
34664,54.646595,14.411996
34665,54.665363,14.373514
34666,54.684143,14.335027
34667,54.702915,14.296531
34668,38.234188,14.189557
34669,38.227901,14.179209
34670,38.221607,14.168874
34671,38.215328,14.158534
34672,38.209045,14.148191
34673,38.202747,14.137843
34674,38.196461,14.127504
34675,38.190186,14.117164
34676,38.183887,14.106815
34677,38.177608,14.096482
34678,38.171314,14.086130
34679,38.165024,14.075792
34680,38.158737,14.065450
34681,65.974586,31.680225
34682,66.006172,31.673100
34683,66.037750,31.665949
34684,66.069283,31.658848
34685,66.100830,31.651716
34686,66.132401,31.644587
34687,66.163963,31.637449
34688,66.195503,31.630333
34689,66.227013,31.623209
34690,60.614407,35.436951
34691,60.642479,35.430744
34692,60.670540,35.424530
34693,60.698589,35.418335
34694,60.726631,35.412140
34695,60.754723,35.405914
34696,60.782764,35.399704
34697,60.810833,35.393513
34698,60.838863,35.387299
34699,70.971153,29.412148
34700,71.008934,29.385056
34701,71.046745,29.357971
34702,71.084557,29.330891
34703,71.122337,29.303810
34704,71.160149,29.276731
34705,71.197929,29.249640
34706,71.235756,29.222567
34707,71.273529,29.195456
34708,79.716820,22.488010
34709,79.714058,22.482008
34710,79.711311,22.476015
34711,79.708542,22.470011
34712,79.705788,22.464022
34713,79.703041,22.458025
34714,79.700287,22.452030
34715,79.697517,22.446028
34716,79.694771,22.440035
34717,79.692017,22.434040
34718,79.689262,22.428034
34719,79.686516,22.422049
34720,62.835903,21.695984
34721,62.788986,21.703312
34722,62.742050,21.710634
34723,62.695133,21.717962
34724,62.648216,21.725279
34725,62.601284,21.732607
34726,62.554371,21.739927
34727,62.507439,21.747267
34728,62.460514,21.754576
34729,62.413593,21.761904
34730,62.366669,21.769236
34731,62.319744,21.776550
34732,111.275139,28.138884
34733,111.294350,28.107519
34734,111.313560,28.076185
34735,111.332748,28.044846
34736,111.351936,28.013500
34737,111.371124,27.982143
34738,111.390343,27.950802
34739,111.409538,27.919449
34740,111.428726,27.888117
34741,111.447952,27.856771
34742,111.467110,27.825426
34743,102.079460,30.127037
34744,102.106094,30.101126
34745,102.132721,30.075216
34746,102.159370,30.049297
34747,102.186005,30.023376
34748,102.212654,29.997461
34749,102.239311,29.971560
34750,102.265945,29.945629
34751,102.292595,29.919731
34752,102.319221,29.893808
34753,102.345879,29.867891
34754,96.793526,32.248707
34755,96.814171,32.242664
34756,96.834846,32.236595
34757,96.855469,32.230549
34758,96.876076,32.224510
34759,96.896744,32.218452
34760,96.917389,32.212402
34761,96.938065,32.206360
34762,96.958656,32.200306
34763,96.979332,32.194275
34764,96.999939,32.188210
34765,98.335228,33.197685
34766,98.361015,33.191879
34767,98.386841,33.186016
34768,98.412674,33.180191
34769,98.438469,33.174370
34770,98.464287,33.168533
34771,98.490135,33.162701
34772,98.515907,33.156864
34773,98.541733,33.151058
34774,98.567574,33.145203
34775,98.593361,33.139397
34776,104.494537,25.459181
34777,104.442924,25.466753
34778,104.391319,25.474327
34779,104.339706,25.481890
34780,104.288109,25.489466
34781,104.236473,25.497030
34782,104.184891,25.504606
34783,104.133270,25.512175
34784,104.081650,25.519735
34785,104.030052,25.527315
34786,103.978439,25.534878
34787,86.581734,28.429768
34788,86.610466,28.421442
34789,86.639168,28.413136
34790,86.667885,28.404831
34791,86.696609,28.396503
34792,86.725349,28.388172
34793,86.754036,28.379873
34794,86.782768,28.371552
34795,86.811478,28.363243
34796,101.387253,18.932051
34797,101.305763,18.957138
34798,101.224258,18.982222
34799,101.142769,19.007313
34800,101.061272,19.032404
34801,100.979782,19.057489
34802,100.898293,19.082571
34803,100.816803,19.107660
34804,100.735298,19.132750
34805,92.874214,16.775148
34806,92.813576,16.783636
34807,92.752922,16.792120
34808,92.692284,16.800606
34809,92.631630,16.809084
34810,92.570976,16.817570
34811,92.510323,16.826059
34812,92.449684,16.834541
34813,92.389030,16.843023
34814,69.870956,21.583731
34815,69.843712,21.585802
34816,69.816452,21.587873
34817,69.789200,21.589954
34818,69.761940,21.592014
34819,69.734688,21.594080
34820,69.707436,21.596151
34821,69.680191,21.598219
34822,80.920189,18.938889
34823,80.909973,18.922075
34824,80.899742,18.905264
34825,80.889542,18.888479
34826,80.879326,18.871653
34827,80.869102,18.854853
34828,80.858879,18.838049
34829,80.848663,18.821249
34830,62.264988,28.802687
34831,62.276970,28.792503
34832,62.288906,28.782284
34833,62.300850,28.772078
34834,62.312813,28.761885
34835,62.324760,28.751690
34836,62.336716,28.741476
34837,69.904785,32.707218
34838,69.934471,32.651119
34839,69.964127,32.595020
34840,69.993797,32.538921
34841,70.023468,32.482819
34842,70.053139,32.426723
34843,70.082817,32.370647
34844,73.020050,27.499910
34845,73.054062,27.432743
34846,73.088097,27.365582
34847,73.122124,27.298431
34848,73.156166,27.231260
34849,73.190193,27.164110
34850,73.224190,27.096949
34851,70.572075,15.277776
34852,70.544792,15.279841
34853,70.517570,15.281915
34854,70.490295,15.283984
34855,70.463043,15.286052
34856,70.435791,15.288119
34857,70.408531,15.290187
34858,70.381287,15.292267
34859,63.173603,18.948736
34860,63.169472,18.939743
34861,63.165329,18.930746
34862,63.161205,18.921755
34863,63.157070,18.912762
34864,63.152946,18.903769
34865,63.148800,18.894770
34866,63.144672,18.885767
34867,71.331161,19.153711
34868,71.361687,19.091169
34869,71.392189,19.028625
34870,71.422691,18.966089
34871,71.453224,18.903545
34872,71.483742,18.841002
34873,71.514229,18.778456
34874,71.544746,18.715925
34875,92.911682,35.628929
34876,92.935585,35.605644
34877,92.959457,35.582317
34878,92.983391,35.559021
34879,93.007286,35.535702
34880,93.031181,35.512413
34881,93.055084,35.489109
34882,93.078964,35.465775
34883,93.102898,35.442482
34884,93.126793,35.419186
34885,93.150673,35.395878
34886,84.779617,30.526564
34887,84.805748,30.503397
34888,84.831841,30.480232
34889,84.857925,30.457064
34890,84.884071,30.433886
34891,84.910149,30.410713
34892,84.936256,30.387548
34893,84.962379,30.364368
34894,84.988472,30.341217
34895,85.014580,30.318041
34896,85.040688,30.294872
34897,73.689659,37.949116
34898,73.713387,37.942314
34899,73.737129,37.935516
34900,73.760857,37.928722
34901,73.784599,37.921944
34902,73.808403,37.915146
34903,73.832054,37.908367
34904,73.855827,37.901550
34905,73.879570,37.894783
34906,73.903275,37.887970
34907,73.927025,37.881195
34908,80.044044,41.531033
34909,80.082321,41.505901
34910,80.120567,41.480793
34911,80.158875,41.455666
34912,80.197105,41.430538
34913,80.235390,41.405418
34914,80.273659,41.380306
34915,80.311943,41.355175
34916,80.350212,41.330078
34917,80.388481,41.304947
34918,80.426750,41.279827
34919,84.008141,25.149542
34920,84.030327,25.104063
34921,84.052528,25.058565
34922,84.074715,25.013094
34923,84.096909,24.967606
34924,84.119072,24.922115
34925,84.141273,24.876631
34926,84.163445,24.831141
34927,84.185661,24.785673
34928,84.207832,24.740179
34929,84.230034,24.694696
34930,3.761806,16.275457
34931,3.782168,16.239132
34932,3.802546,16.202810
34933,3.822909,16.166491
34934,3.843279,16.130182
34935,3.863661,16.093859
34936,3.884028,16.057529
34937,3.904407,16.021219
34938,3.924756,15.984908
34939,3.945133,15.948580
34940,3.965519,15.912255
34941,3.985878,15.875932
34942,4.006251,15.839626
34943,2.115345,13.108969
34944,2.135705,13.072644
34945,2.156086,13.036342
34946,2.176475,13.000023
34947,2.196844,12.963711
34948,2.217197,12.927379
34949,2.237578,12.891064
34950,2.257937,12.854727
34951,2.278340,12.818427
34952,2.298703,12.782115
34953,2.319063,12.745789
34954,2.339427,12.709465
34955,2.359821,12.673158
34956,6.314729,27.026352
34957,6.340952,26.987270
34958,6.367137,26.948210
34959,6.393322,26.909132
34960,6.419528,26.870079
34961,6.445715,26.831003
34962,6.471908,26.791939
34963,6.498095,26.752867
34964,6.524287,26.713814
34965,6.550498,26.674747
34966,6.576680,26.635681
34967,6.602858,26.596605
34968,6.629055,26.557549
34969,55.036724,20.453737
34970,55.083378,20.403826
34971,55.130009,20.353939
34972,55.176659,20.304016
34973,55.223282,20.254101
34974,55.269924,20.204193
34975,55.316582,20.154278
34976,55.363190,20.104359
34977,52.284142,18.860634
34978,52.330780,18.810722
34979,52.377438,18.760815
34980,52.424076,18.710896
34981,52.470695,18.660980
34982,52.517334,18.611071
34983,52.563980,18.561153
34984,52.610600,18.511230
34985,57.426579,29.870739
34986,57.462090,29.862753
34987,57.497551,29.854727
34988,57.533020,29.846710
34989,57.568539,29.838686
34990,57.604031,29.830652
34991,57.639557,29.822634
34992,57.675022,29.814631
34993,75.874252,42.884556
34994,75.892403,42.878716
34995,75.910484,42.872871
34996,75.928635,42.867020
34997,75.946732,42.861183
34998,75.964882,42.855324
34999,75.982986,42.849480
35000,76.001122,42.843651
35001,76.019226,42.837814
35002,76.037354,42.831940
35003,76.055450,42.826103
35004,76.073563,42.820259
35005,76.091660,42.814430
35006,76.109795,42.808586
35007,61.590469,25.181423
35008,61.607635,25.177599
35009,61.624763,25.173796
35010,61.641937,25.169966
35011,61.659073,25.166147
35012,61.676201,25.162340
35013,61.693321,25.158535
35014,61.710503,25.154718
35015,61.727638,25.150900
35016,61.744759,25.147087
35017,61.761932,25.143269
35018,61.779091,25.139465
35019,61.796227,25.135664
35020,61.813377,25.131842
35021,78.156441,29.339867
35022,78.181099,29.307831
35023,78.205772,29.275803
35024,78.230415,29.243748
35025,78.255089,29.211712
35026,78.279755,29.179676
35027,78.304420,29.147644
35028,78.329094,29.115608
35029,78.353745,29.083561
35030,78.378426,29.051537
35031,78.403099,29.019491
35032,78.427757,28.987455
35033,78.452423,28.955416
35034,78.477089,28.923384
35035,81.515900,28.760376
35036,81.504868,28.738291
35037,81.493835,28.716209
35038,81.482811,28.694120
35039,81.471779,28.672043
35040,81.460747,28.649946
35041,81.449715,28.627867
35042,81.438675,28.605780
35043,81.427650,28.583687
35044,81.416618,28.561613
35045,81.405586,28.539524
35046,81.394547,28.517431
35047,81.383522,28.495346
35048,81.372490,28.473269
35049,83.536034,27.064760
35050,83.544975,27.044798
35051,83.553871,27.024828
35052,83.562798,27.004864
35053,83.571709,26.984890
35054,83.580620,26.964928
35055,83.589546,26.944963
35056,83.598480,26.924997
35057,83.607391,26.905039
35058,83.616325,26.885065
35059,83.625221,26.865103
35060,83.634148,26.845127
35061,83.643074,26.825167
35062,83.651970,26.805201
35063,83.660927,26.785231
35064,83.669838,26.765270
35065,83.678734,26.745298
35066,83.687653,26.725332
35067,76.924942,18.138960
35068,76.893669,18.143847
35069,76.862381,18.148727
35070,76.831100,18.153605
35071,76.799812,18.158491
35072,76.768532,18.163374
35073,76.737259,18.168262
35074,76.705971,18.173136
35075,76.674690,18.178030
35076,76.643417,18.182911
35077,76.612129,18.187796
35078,76.580849,18.192663
35079,76.549561,18.197561
35080,76.518280,18.202444
35081,76.487000,18.207323
35082,76.455727,18.212212
35083,76.424431,18.217089
35084,76.393150,18.221973
35085,90.766121,26.580208
35086,90.722748,26.591450
35087,90.679367,26.602692
35088,90.636002,26.613930
35089,90.592613,26.625170
35090,90.549240,26.636408
35091,90.505859,26.647644
35092,90.462479,26.658888
35093,90.419106,26.670126
35094,90.375725,26.681364
35095,90.332344,26.692600
35096,90.288963,26.703842
35097,90.245590,26.715071
35098,90.202202,26.726311
35099,90.158836,26.737553
35100,90.115440,26.748789
35101,90.072075,26.760029
35102,90.028702,26.771269
35103,82.429710,17.567726
35104,82.426491,17.565805
35105,82.423302,17.563900
35106,82.420097,17.561993
35107,82.416878,17.560087
35108,82.413673,17.558182
35109,82.410461,17.556273
35110,82.407265,17.554371
35111,82.404060,17.552464
35112,82.400841,17.550552
35113,82.397644,17.548647
35114,82.392540,17.549492
35115,82.382195,17.557878
35116,82.371880,17.566273
35117,82.361580,17.574671
35118,82.351242,17.583059
35119,82.340919,17.591454
35120,82.330605,17.599836
35121,127.330467,20.485332
35122,127.320717,20.479992
35123,127.310944,20.474644
35124,127.301163,20.469305
35125,127.291389,20.463959
35126,127.281624,20.458616
35127,127.271851,20.453260
35128,127.262085,20.447931
35129,127.252312,20.442581
35130,126.640053,16.127188
35131,126.630287,16.121849
35132,126.620537,16.116514
35133,126.610771,16.111158
35134,126.600998,16.105827
35135,126.591202,16.100470
35136,126.581444,16.095133
35137,126.571663,16.089785
35138,126.561882,16.084431
35139,120.811256,19.180212
35140,120.801491,19.174864
35141,120.791725,19.169523
35142,120.781937,19.164165
35143,120.772186,19.158834
35144,120.762405,19.153490
35145,120.752609,19.148146
35146,120.742859,19.142811
35147,120.733093,19.137453
35148,118.341194,16.263693
35149,118.312386,16.268269
35150,118.283554,16.272850
35151,118.254738,16.277428
35152,118.225914,16.282007
35153,118.197083,16.286579
35154,118.168282,16.291164
35155,118.139450,16.295746
35156,118.110634,16.300325
35157,128.231110,20.650572
35158,128.221344,20.645227
35159,128.211548,20.639887
35160,128.201797,20.634544
35161,128.192017,20.629175
35162,128.182251,20.623865
35163,128.172455,20.618486
35164,128.162704,20.613169
35165,128.152924,20.607809
35166,42.631699,11.875431
35167,42.659279,11.868728
35168,42.686859,11.862031
35169,42.714458,11.855334
35170,42.742031,11.848628
35171,42.769630,11.841928
35172,42.797039,11.835658
35173,42.821510,11.836715
35174,42.845985,11.837763
35175,38.340916,27.078848
35176,38.354408,27.035189
35177,38.367886,26.991516
35178,38.381355,26.947857
35179,38.394825,26.904196
35180,38.408298,26.860523
35181,38.421783,26.816851
35182,38.435234,26.773191
35183,43.035282,28.972021
35184,43.061253,28.922932
35185,43.087200,28.873850
35186,43.113152,28.824751
35187,43.139111,28.775658
35188,43.165066,28.726564
35189,43.191029,28.677496
35190,43.216999,28.628422
35191,25.835619,27.721695
35192,25.853395,27.693106
35193,25.871176,27.664518
35194,25.888952,27.635941
35195,25.906713,27.607344
35196,25.924498,27.578768
35197,25.942274,27.550173
35198,25.960032,27.521584
35199,25.977816,27.493008
35200,25.995592,27.464411
35201,26.013365,27.435837
35202,26.031126,27.407238
35203,26.048914,27.378656
35204,26.066679,27.350079
35205,36.325485,19.734928
35206,36.340321,19.706884
35207,36.355160,19.678835
35208,36.369991,19.650791
35209,36.384823,19.622723
35210,36.399666,19.594694
35211,36.414501,19.566645
35212,36.429325,19.538588
35213,36.444157,19.510532
35214,36.459000,19.482494
35215,36.473816,19.454451
35216,36.488655,19.426394
35217,36.503502,19.398352
35218,36.518337,19.370300
35219,20.726938,31.534475
35220,20.745886,31.500742
35221,20.764780,31.467016
35222,20.783709,31.433290
35223,20.802637,31.399572
35224,20.821547,31.365843
35225,20.840475,31.332129
35226,20.859404,31.298395
35227,20.878309,31.264679
35228,20.897230,31.230946
35229,20.916140,31.197247
35230,20.935057,31.163494
35231,20.953959,31.129784
35232,20.972879,31.096050
35233,30.864038,19.961264
35234,30.875074,19.932999
35235,30.886103,19.904749
35236,30.897158,19.876495
35237,30.908175,19.848230
35238,30.919210,19.819969
35239,30.930262,19.791708
35240,30.941271,19.763435
35241,30.952307,19.735178
35242,30.963350,19.706924
35243,30.974386,19.678679
35244,30.985415,19.650410
35245,30.996443,19.622145
35246,31.007486,19.593895
35247,35.508823,27.013710
35248,35.523659,26.985655
35249,35.538479,26.957603
35250,35.553326,26.929569
35251,35.568153,26.901503
35252,35.582996,26.873463
35253,35.597832,26.845411
35254,35.612659,26.817354
35255,35.627495,26.789314
35256,35.642330,26.761269
35257,35.657166,26.733217
35258,35.671989,26.705168
35259,35.686832,26.677116
35260,35.701660,26.649071
35261,33.932369,30.615175
35262,33.951286,30.581423
35263,33.970184,30.547701
35264,33.989094,30.513975
35265,34.008038,30.480272
35266,34.026951,30.446533
35267,34.045853,30.412811
35268,34.064789,30.379089
35269,34.083710,30.345352
35270,34.102619,30.311638
35271,34.121544,30.277931
35272,34.140442,30.244192
35273,34.159367,30.210478
35274,34.178299,30.176764
35275,24.504633,34.149986
35276,24.523558,34.116276
35277,24.542456,34.082535
35278,24.561399,34.048824
35279,24.580320,34.015099
35280,24.599241,33.981369
35281,24.618155,33.947655
35282,24.637083,33.913902
35283,24.655996,33.880199
35284,24.674902,33.846466
35285,24.693781,33.812733
35286,24.712736,33.779015
35287,24.731649,33.745293
35288,24.750555,33.711575
35289,14.650162,16.225658
35290,14.679590,16.173199
35291,14.709007,16.120735
35292,14.738420,16.068270
35293,14.767860,16.015823
35294,14.797283,15.963351
35295,14.826706,15.910887
35296,14.856133,15.858423
35297,14.885571,15.805969
35298,4.568285,15.459649
35299,4.597712,15.407180
35300,4.627133,15.354728
35301,4.656571,15.302264
35302,4.686003,15.249812
35303,4.715420,15.197345
35304,4.744835,15.144893
35305,4.774285,15.092437
35306,4.803710,15.039973
35307,16.100271,18.766098
35308,16.129686,18.713638
35309,16.159113,18.661175
35310,16.188540,18.608713
35311,16.217970,18.556265
35312,16.247395,18.503794
35313,16.276817,18.451345
35314,16.306250,18.398874
35315,16.335674,18.346415
35316,53.393559,-20.427359
35317,53.411160,-20.436113
35318,53.428753,-20.444872
35319,53.446335,-20.453619
35320,53.463898,-20.462389
35321,53.481544,-20.471159
35322,53.499111,-20.479906
35323,53.516712,-20.488695
35324,53.534294,-20.497438
35325,53.551888,-20.506205
35326,53.569477,-20.514959
35327,53.587040,-20.523703
35328,53.604656,-20.532480
35329,53.622238,-20.541239
35330,53.639820,-20.549982
35331,6.466671,13.816926
35332,6.483827,13.817050
35333,6.500977,13.817174
35334,6.518129,13.817300
35335,6.535267,13.817420
35336,6.552430,13.817546
35337,6.569563,13.817673
35338,6.586710,13.817799
35339,6.603858,13.817920
35340,6.620992,13.818042
35341,6.638147,13.818165
35342,6.655304,13.818284
35343,6.672445,13.818412
35344,6.689591,13.818536
35345,6.706738,13.818660
35346,4.852189,31.297352
35347,4.869793,31.289236
35348,4.887425,31.281141
35349,4.905060,31.273048
35350,4.922684,31.264969
35351,4.940316,31.256876
35352,4.957953,31.248781
35353,4.975569,31.240679
35354,4.993207,31.232601
35355,5.010823,31.224503
35356,5.028479,31.216425
35357,5.046093,31.208330
35358,5.063727,31.200253
35359,5.081358,31.192146
35360,5.098969,31.184055
35361,-5.604566,22.600435
35362,-5.586952,22.592337
35363,-5.569318,22.584230
35364,-5.551660,22.576164
35365,-5.534053,22.568066
35366,-5.516418,22.559992
35367,-5.498785,22.551893
35368,-5.481172,22.543789
35369,-5.463541,22.535706
35370,-5.445905,22.527628
35371,-5.428268,22.519522
35372,-5.410648,22.511423
35373,-5.393026,22.503338
35374,-5.375391,22.495243
35375,-5.357770,22.487154
35376,44.425461,33.987354
35377,44.454868,33.934891
35378,44.484280,33.882427
35379,44.513721,33.829979
35380,44.543125,33.777500
35381,44.572556,33.725040
35382,44.601974,33.672581
35383,44.631409,33.620129
35384,44.660847,33.567677
35385,38.034889,28.633806
35386,38.082024,28.600237
35387,38.129169,28.566656
35388,38.176319,28.533081
35389,38.223450,28.499510
35390,38.270588,28.465940
35391,38.317726,28.432358
35392,38.364883,28.398790
35393,38.412003,28.365217
35394,64.886177,19.841494
35395,64.921547,19.836946
35396,64.956932,19.832384
35397,64.992287,19.827822
35398,65.027657,19.823259
35399,65.063072,19.818701
35400,65.098442,19.814127
35401,65.133827,19.809580
35402,65.169167,19.805033
35403,78.205307,18.535465
35404,78.197105,18.522017
35405,78.188942,18.508581
35406,78.180779,18.495140
35407,78.172607,18.481691
35408,78.164421,18.468252
35409,78.156242,18.454788
35410,78.148079,18.441359
35411,78.139915,18.427908
35412,78.131729,18.414461
35413,76.823723,27.796932
35414,76.820747,27.791573
35415,76.817772,27.786209
35416,76.814812,27.780857
35417,76.811821,27.775501
35418,76.808853,27.770149
35419,76.805878,27.764793
35420,76.802910,27.759432
35421,76.799927,27.754082
35422,76.796959,27.748724
35423,82.000465,17.136717
35424,81.992287,17.123259
35425,81.984108,17.109812
35426,81.975937,17.096365
35427,81.967758,17.082933
35428,81.959587,17.069479
35429,81.951401,17.056025
35430,81.943245,17.042583
35431,81.935051,17.029142
35432,81.926888,17.015697
35433,68.585625,19.486912
35434,68.620491,19.415436
35435,68.655388,19.343977
35436,68.690239,19.272493
35437,68.725113,19.201008
35438,68.759979,19.129541
35439,68.794838,19.058067
35440,65.680885,21.625828
35441,65.692856,21.615644
35442,65.704781,21.605413
35443,65.716751,21.595230
35444,65.728706,21.585024
35445,65.740646,21.574812
35446,65.752602,21.564613
35447,65.219551,27.555016
35448,65.214836,27.544741
35449,65.210129,27.534460
35450,65.205399,27.524179
35451,65.200676,27.513905
35452,65.195953,27.503633
35453,65.191231,27.493349
35454,83.129494,33.110420
35455,83.149742,33.090698
35456,83.169945,33.070984
35457,83.190178,33.051254
35458,83.210396,33.031551
35459,83.230606,33.011814
35460,83.250847,32.992104
35461,83.271095,32.972378
35462,83.291298,32.952660
35463,83.311546,32.932934
35464,83.331779,32.913212
35465,83.351967,32.893494
35466,83.372208,32.873783
35467,68.006920,15.626656
35468,68.025696,15.588158
35469,68.044472,15.549673
35470,68.063248,15.511193
35471,68.082039,15.472714
35472,68.100792,15.434203
35473,68.104103,15.413095
35474,68.097824,15.402760
35475,68.091530,15.392407
35476,68.085243,15.382067
35477,68.078957,15.371728
35478,68.072670,15.361384
35479,68.066383,15.351035
35480,66.533295,16.259508
35481,66.489990,16.266273
35482,66.446678,16.273029
35483,66.403358,16.279791
35484,66.360054,16.286552
35485,66.316727,16.293312
35486,66.273422,16.300079
35487,66.230110,16.306833
35488,66.186790,16.313593
35489,66.143486,16.320362
35490,66.100166,16.327120
35491,66.056854,16.333885
35492,66.013542,16.340643
35493,70.897766,39.612579
35494,70.918907,39.605759
35495,70.940048,39.598919
35496,70.961205,39.592117
35497,70.982315,39.585289
35498,71.003448,39.578484
35499,71.024597,39.571655
35500,71.045731,39.564827
35501,71.066872,39.557999
35502,71.088020,39.551193
35503,71.109116,39.544373
35504,71.130272,39.537567
35505,81.271324,30.533407
35506,81.292839,30.526522
35507,81.314384,30.519613
35508,81.335907,30.512716
35509,81.357384,30.505823
35510,81.378937,30.498915
35511,81.400421,30.491999
35512,81.421944,30.485113
35513,81.443474,30.478212
35514,81.464989,30.471308
35515,81.486488,30.464407
35516,81.507988,30.457514
35517,75.275864,40.663834
35518,75.297401,40.657600
35519,75.318954,40.651337
35520,75.340462,40.645119
35521,75.362000,40.638874
35522,75.383568,40.632641
35523,75.405098,40.626404
35524,75.426674,40.620171
35525,75.448204,40.613937
35526,75.469742,40.607681
35527,75.491249,40.601460
35528,75.512825,40.595222
35529,76.417519,30.069506
35530,76.438972,30.062616
35531,76.460571,30.055708
35532,76.482071,30.048803
35533,76.503540,30.041914
35534,76.525070,30.034994
35535,76.546608,30.028101
35536,76.568115,30.021204
35537,76.589638,30.014296
35538,76.611153,30.007406
35539,76.632652,30.000490
35540,76.654175,29.993586
35541,81.310661,38.536293
35542,81.332153,38.530071
35543,81.353737,38.523808
35544,81.375252,38.517586
35545,81.396828,38.511322
35546,81.418350,38.505096
35547,81.439911,38.498871
35548,81.461411,38.492634
35549,81.482979,38.486408
35550,81.504486,38.480175
35551,81.526054,38.473915
35552,81.547607,38.467697
35553,66.711952,33.820126
35554,66.747307,33.794952
35555,66.782661,33.769775
35556,66.818016,33.744595
35557,66.853371,33.719414
35558,66.888733,33.694241
35559,66.924088,33.669056
35560,66.959435,33.643875
35561,66.994804,33.618690
35562,67.030144,33.593521
35563,67.065483,33.568340
35564,67.100868,33.543152
35565,67.555206,39.026161
35566,67.574974,39.021545
35567,67.594788,39.016876
35568,67.614563,39.012226
35569,67.634361,39.007576
35570,67.654167,39.002914
35571,67.673927,38.998272
35572,67.693726,38.993614
35573,67.713539,38.988983
35574,67.733315,38.984333
35575,67.753090,38.979694
35576,67.772926,38.975021
35577,79.446617,23.116388
35578,79.466637,23.111942
35579,79.486641,23.107496
35580,79.506622,23.103045
35581,79.526619,23.098593
35582,79.546646,23.094126
35583,79.566628,23.089697
35584,79.586632,23.085232
35585,79.606628,23.080784
35586,79.626610,23.076334
35587,79.646637,23.071899
35588,79.666649,23.067442
35589,69.979782,36.094440
35590,69.996124,36.089043
35591,70.012512,36.083660
35592,70.028908,36.078285
35593,70.045296,36.072887
35594,70.061691,36.067505
35595,70.078064,36.062111
35596,70.094429,36.056725
35597,70.110809,36.051357
35598,70.127205,36.045963
35599,70.143608,36.040562
35600,70.159981,36.035179
35601,70.176331,36.029797
35602,71.303268,38.513306
35603,71.336235,38.489285
35604,71.369179,38.465279
35605,71.402130,38.441277
35606,71.435097,38.417271
35607,71.468048,38.393257
35608,71.501022,38.369240
35609,71.533958,38.345215
35610,71.566933,38.321220
35611,71.599907,38.297211
35612,71.632851,38.273190
35613,71.665810,38.249180
35614,71.698761,38.225174
35615,79.407898,30.661036
35616,79.440727,30.637451
35617,79.473572,30.613880
35618,79.506386,30.590298
35619,79.539238,30.566725
35620,79.572083,30.543146
35621,79.604912,30.519560
35622,79.637749,30.495983
35623,79.670586,30.472404
35624,79.703430,30.448835
35625,79.736290,30.425257
35626,79.769104,30.401678
35627,79.801949,30.378103
35628,94.044716,25.805214
35629,93.996880,25.804537
35630,93.949051,25.803865
35631,93.901222,25.803198
35632,93.853401,25.802530
35633,93.805573,25.801853
35634,93.757744,25.801188
35635,93.709915,25.800510
35636,93.662086,25.799845
35637,93.614235,25.799168
35638,93.566406,25.798502
35639,93.518578,25.797834
35640,93.470161,25.797396
35641,105.741371,19.351826
35642,105.735519,19.348610
35643,105.729668,19.345417
35644,105.723801,19.342211
35645,105.717941,19.338995
35646,105.712082,19.335796
35647,105.706215,19.332582
35648,105.700348,19.329378
35649,105.694481,19.326168
35650,105.688644,19.322973
35651,105.682770,19.319756
35652,105.676895,19.316559
35653,105.671028,19.313345
35654,105.665161,19.310141
35655,105.659302,19.306929
35656,94.293327,19.992575
35657,94.253677,20.001957
35658,94.214020,20.011341
35659,94.174362,20.020729
35660,94.134712,20.030107
35661,94.095055,20.039499
35662,94.055397,20.048883
35663,94.015739,20.058264
35664,93.976082,20.067650
35665,93.936440,20.077042
35666,93.896782,20.086418
35667,93.857124,20.095806
35668,93.817482,20.105192
35669,93.777809,20.114573
35670,93.738152,20.123959
35671,103.018028,19.446671
35672,102.999863,19.444693
35673,102.981705,19.442707
35674,102.963524,19.440718
35675,102.945366,19.438732
35676,102.927193,19.436752
35677,102.909012,19.434774
35678,102.890846,19.432787
35679,102.872681,19.430799
35680,102.854523,19.428822
35681,102.836349,19.426838
35682,102.818176,19.424850
35683,102.800018,19.422869
35684,102.781860,19.420885
35685,102.763672,19.418894
35686,103.351494,18.458267
35687,103.333336,18.456293
35688,103.315170,18.454313
35689,103.297005,18.452324
35690,103.278831,18.450333
35691,103.260658,18.448357
35692,103.242500,18.446381
35693,103.224327,18.444391
35694,103.206169,18.442411
35695,103.188004,18.440430
35696,103.169815,18.438435
35697,103.151665,18.436468
35698,103.133476,18.434473
35699,103.115318,18.432495
35700,103.097145,18.430510
35701,98.041603,15.515772
35702,97.966728,15.538128
35703,97.891861,15.560493
35704,97.816994,15.582850
35705,97.742126,15.605216
35706,97.667259,15.627573
35707,97.592384,15.649939
35708,97.517517,15.672301
35709,97.442657,15.694659
35710,97.367790,15.717023
35711,88.249252,16.253670
35712,88.227432,16.255325
35713,88.205643,16.256983
35714,88.183846,16.258636
35715,88.162056,16.260290
35716,88.140236,16.261950
35717,88.118431,16.263609
35718,88.096634,16.265266
35719,88.074837,16.266916
35720,88.053017,16.268572
35721,95.955833,18.058834
35722,95.947678,18.045389
35723,95.939491,18.031952
35724,95.931313,18.018494
35725,95.923157,18.005062
35726,95.914978,17.991617
35727,95.906815,17.978178
35728,95.898621,17.964720
35729,95.890465,17.951284
35730,95.882271,17.937838
35731,73.095016,28.542366
35732,73.115845,28.503761
35733,73.136665,28.465090
35734,73.157501,28.426451
35735,73.178322,28.387821
35736,73.199158,28.349173
35737,73.219971,28.310518
35738,73.240784,28.271893
35739,73.261642,28.233250
35740,73.282440,28.194609
35741,73.303268,28.155958
35742,73.324112,28.117317
35743,73.344925,28.078680
35744,61.624268,34.669361
35745,61.652992,34.638672
35746,61.681686,34.607933
35747,61.710396,34.577236
35748,61.739075,34.546513
35749,61.767815,34.515804
35750,61.796494,34.485077
35751,61.825211,34.454365
35752,61.853897,34.423645
35753,61.882584,34.392921
35754,61.911308,34.362236
35755,61.939995,34.331497
35756,61.968719,34.300797
35757,71.776642,30.411184
35758,71.795425,30.372692
35759,71.814209,30.334211
35760,71.832970,30.295710
35761,71.851753,30.257215
35762,71.870514,30.218752
35763,71.889305,30.180252
35764,71.908081,30.141787
35765,71.926872,30.103289
35766,71.945641,30.064804
35767,71.964401,30.026293
35768,71.983170,29.987804
35769,72.001968,29.949339
35770,66.114998,35.060558
35771,66.126999,35.021755
35772,66.138969,34.982925
35773,66.150955,34.944122
35774,66.162933,34.905293
35775,66.174896,34.866501
35776,66.186882,34.827671
35777,66.198860,34.788864
35778,66.210846,34.750046
35779,63.316334,31.986786
35780,63.329227,31.993799
35781,63.342102,32.000801
35782,63.354992,32.007809
35783,63.367863,32.014812
35784,63.380741,32.021828
35785,63.393616,32.028828
35786,63.406498,32.035824
35787,63.419407,32.042847
35788,67.688454,33.692360
35789,67.718239,33.676723
35790,67.748039,33.661091
35791,67.777824,33.645470
35792,67.807625,33.629845
35793,67.837395,33.614204
35794,67.867195,33.598579
35795,67.897011,33.582958
35796,67.926781,33.567322
35797,9.263378,20.776579
35798,9.315763,20.772930
35799,9.368171,20.769278
35800,9.420539,20.765615
35801,9.472959,20.761961
35802,29.786179,9.623919
35803,29.799809,9.580647
35804,29.813437,9.537381
35805,29.827066,9.494106
35806,29.840691,9.450837
35807,29.854319,9.407562
35808,29.867952,9.364295
35809,29.881582,9.321032
35810,29.895212,9.277759
35811,29.908834,9.234487
35812,29.922464,9.191214
35813,29.831205,30.639668
35814,29.853815,30.607964
35815,29.876411,30.576250
35816,29.899012,30.544559
35817,29.921579,30.512867
35818,29.944212,30.481176
35819,29.966799,30.449465
35820,29.989370,30.417751
35821,30.011972,30.386057
35822,30.034571,30.354364
35823,30.057156,30.322651
35824,45.308449,20.930212
35825,45.335094,20.923895
35826,45.361767,20.917578
35827,45.388420,20.911261
35828,45.415051,20.904936
35829,45.441719,20.898592
35830,45.468380,20.892260
35831,45.495029,20.885935
35832,45.521671,20.879599
35833,45.548328,20.873293
35834,45.580666,20.854326
35835,48.783463,40.368546
35836,48.795818,40.365749
35837,48.808174,40.362972
35838,48.820507,40.360191
35839,48.832886,40.357376
35840,48.845188,40.354595
35841,48.857548,40.351810
35842,48.869904,40.349014
35843,48.882233,40.346256
35844,48.894604,40.343433
35845,48.906937,40.340660
35846,48.919281,40.337860
35847,48.931618,40.335075
35848,48.943977,40.332298
35849,48.956326,40.329506
35850,48.968681,40.326683
35851,48.980995,40.323910
35852,48.993359,40.321129
35853,49.005714,40.318340
35854,49.018051,40.315552
35855,49.030384,40.312771
35856,49.042740,40.309975
35857,49.055077,40.307190
35858,39.913834,27.308886
35859,39.930031,27.291513
35860,39.946251,27.274178
35861,39.962479,27.256788
35862,39.978699,27.239439
35863,39.994926,27.222073
35864,40.011150,27.204725
35865,40.027367,27.187357
35866,40.043568,27.169991
35867,40.059834,27.152643
35868,40.076035,27.135288
35869,40.092247,27.117918
35870,40.108482,27.100555
35871,40.124702,27.083189
35872,40.140923,27.065823
35873,40.157158,27.048475
35874,40.173378,27.031118
35875,40.189598,27.013744
35876,40.205803,26.996374
35877,40.222008,26.979023
35878,40.238281,26.961672
35879,40.254486,26.944294
35880,40.270714,26.926950
35881,39.726650,15.991233
35882,39.738155,15.970695
35883,39.749672,15.950167
35884,39.761192,15.929639
35885,39.772705,15.909118
35886,39.784225,15.888588
35887,39.795731,15.868055
35888,39.807243,15.847528
35889,39.818756,15.827006
35890,39.830284,15.806479
35891,39.841789,15.785944
35892,39.853302,15.765416
35893,39.864822,15.744893
35894,39.876335,15.724366
35895,39.887856,15.703838
35896,39.899361,15.683306
35897,39.910873,15.662780
35898,39.922394,15.642253
35899,39.933907,15.621715
35900,39.945412,15.601192
35901,39.956940,15.580675
35902,39.968445,15.560128
35903,39.979958,15.539609
35904,29.495199,20.054262
35905,29.511402,20.036890
35906,29.527620,20.019531
35907,29.543839,20.002176
35908,29.560072,19.984812
35909,29.576281,19.967443
35910,29.592503,19.950083
35911,29.608740,19.932745
35912,29.624969,19.915363
35913,29.641186,19.898003
35914,29.657400,19.880627
35915,29.673622,19.863274
35916,29.689857,19.845934
35917,29.706076,19.828562
35918,29.722282,19.811201
35919,29.738523,19.793848
35920,29.754736,19.776476
35921,29.770941,19.759117
35922,29.787186,19.741768
35923,29.803392,19.724398
35924,29.819624,19.707037
35925,29.835850,19.689674
35926,29.852049,19.672312
35927,40.834084,15.831695
35928,40.845604,15.811167
35929,40.857132,15.790650
35930,40.868629,15.770114
35931,40.880150,15.749591
35932,40.891670,15.729063
35933,40.903168,15.708534
35934,40.914696,15.688008
35935,40.926216,15.667478
35936,40.937725,15.646955
35937,40.949242,15.626417
35938,40.960743,15.605886
35939,40.972263,15.585362
35940,40.983772,15.564828
35941,40.995304,15.544313
35942,41.006813,15.523779
35943,41.018318,15.503242
35944,41.029839,15.482715
35945,41.041351,15.462190
35946,41.052868,15.441666
35947,41.064377,15.421131
35948,41.075897,15.400607
35949,41.087418,15.380092
155636,62.002171,27.930777
155637,62.035522,27.902315
155638,62.068897,27.873863
155639,62.102257,27.845409
155640,62.135593,27.816965
155641,62.168957,27.788519
155642,62.202339,27.760063
155643,62.235672,27.731611
155644,62.269035,27.703154
155645,62.302368,27.674711
155646,62.335743,27.646257
155647,59.827629,19.233234
155648,59.824928,19.228361
155649,59.822220,19.223492
155650,59.819519,19.218624
155651,59.816818,19.213757
155652,59.814117,19.208885
155653,59.811401,19.204016
155654,59.808701,19.199144
155655,59.806000,19.194273
155656,59.803303,19.189407
155657,59.800594,19.184538
155658,59.484604,27.055252
155659,59.515537,27.033104
155660,59.546455,27.010950
155661,59.577377,26.988773
155662,59.608315,26.966618
155663,59.639248,26.944466
155664,59.670174,26.922300
155665,59.701099,26.900126
155666,59.732025,26.877970
155667,59.762936,26.855827
155668,59.793850,26.833643
155669,74.528175,25.067717
155670,74.553978,25.059450
155671,74.579781,25.051161
155672,74.605614,25.042864
155673,74.631416,25.034601
155674,74.657242,25.026327
155675,74.683067,25.018049
155676,74.708855,25.009760
155677,74.734680,25.001482
155678,74.760506,24.993200
155679,64.273521,21.144604
155680,64.215927,21.143837
155681,64.158325,21.143068
155682,64.100746,21.142296
155683,64.043137,21.141533
155684,63.985550,21.140762
155685,63.927956,21.139999
155686,63.870369,21.139229
155687,63.812771,21.138464
155688,63.755177,21.137695
155689,74.787117,32.896217
155690,74.812950,32.887951
155691,74.838737,32.879662
155692,74.864594,32.871365
155693,74.890388,32.863110
155694,74.916191,32.854843
155695,74.942017,32.846565
155696,74.967827,32.838268
155697,74.993629,32.829990
155698,75.019478,32.821693
155699,50.653030,24.218882
155700,50.706272,24.180372
155701,50.759514,24.141880
155702,50.812744,24.103395
155703,50.865997,24.064901
155704,50.919258,24.026396
155705,50.972485,23.987915
155706,51.025738,23.949423
155707,77.654343,41.040283
155708,77.669037,41.037045
155709,77.683762,41.033833
155710,77.698418,41.030609
155711,77.713089,41.027424
155712,77.727745,41.024208
155713,77.742447,41.020958
155714,77.757103,41.017769
155715,77.771820,41.014545
155716,77.786476,41.011345
155717,77.801140,41.008125
155718,77.815865,41.004883
155719,77.830528,41.001675
155720,77.845215,40.998459
155721,77.859863,40.995251
155722,77.874565,40.992035
155723,76.725700,30.606943
155724,76.740715,30.603619
155725,76.755699,30.600277
155726,76.770714,30.596952
155727,76.785690,30.593607
155728,76.800690,30.590277
155729,76.815674,30.586926
155730,76.830711,30.583590
155731,76.845688,30.580244
155732,76.860733,30.576923
155733,76.875710,30.573587
155734,76.890701,30.570244
155735,76.905708,30.566906
155736,76.920715,30.563560
155737,76.935707,30.560232
155738,76.950706,30.556894
155739,80.005852,30.341261
155740,80.011299,30.318018
155741,80.016754,30.294775
155742,80.022179,30.271532
155743,80.027626,30.248299
155744,80.033058,30.225046
155745,80.038506,30.201803
155746,80.043953,30.178556
155747,80.049385,30.155323
155748,80.054840,30.132074
155749,80.060295,30.108824
155750,80.065712,30.085581
155751,80.071175,30.062338
155752,80.076607,30.039097
155753,80.082054,30.015854
155754,80.087502,29.992605
155755,87.943130,18.654522
155756,87.971092,18.621420
155757,87.999077,18.588316
155758,88.027016,18.555220
155759,88.055000,18.522121
155760,88.082962,18.489019
155761,88.110931,18.455925
155762,88.138901,18.422827
155763,88.166855,18.389732
155764,88.194824,18.356627
155765,88.222771,18.323538
155766,118.521210,33.338089
155767,118.543396,33.292625
155768,118.565582,33.247112
155769,118.587791,33.201645
155770,118.609940,33.156143
155771,118.632149,33.110680
155772,118.654335,33.065182
155773,118.676506,33.019707
155774,118.698715,32.974232
155775,118.720909,32.928734
155776,118.743073,32.883266
155777,83.701248,44.678734
155778,83.720627,44.672359
155779,83.739975,44.666012
155780,83.759323,44.659645
155781,83.778702,44.653275
155782,83.798065,44.646904
155783,83.817398,44.640549
155784,83.836769,44.634163
155785,83.856148,44.627815
155786,83.875504,44.621445
155787,83.894859,44.615089
155788,30.168341,34.052357
155789,30.205633,34.012424
155790,30.242941,33.972504
155791,30.280287,33.932579
155792,30.317577,33.892651
155793,30.354885,33.852707
155794,30.392197,33.812775
155795,30.429506,33.772846
155796,30.466818,33.732910
155797,30.504133,33.692989
155798,15.866829,38.329372
155799,15.904118,38.289444
155800,15.941442,38.249527
155801,15.978746,38.209602
155802,16.016069,38.169670
155803,16.053373,38.129726
155804,16.090689,38.089813
155805,16.128031,38.049885
155806,16.165291,38.009933
155807,16.202600,37.970016
155808,50.499874,18.630144
155809,50.529202,18.623198
155810,50.558510,18.616243
155811,50.587864,18.609293
155812,50.617188,18.602327
155813,50.646465,18.595362
155814,50.675827,18.588396
155815,50.705112,18.581446
155816,50.734432,18.574495
155817,50.763771,18.567530
155818,39.578697,30.111765
155819,39.607964,30.104820
155820,39.637306,30.097853
155821,39.666630,30.090906
155822,39.695953,30.083941
155823,39.725277,30.076977
155824,39.754570,30.070042
155825,39.783882,30.063068
155826,39.813213,30.056114
155827,39.842522,30.049154
155828,49.042458,15.259534
155829,49.079029,15.283750
155830,49.115604,15.307946
155831,49.152225,15.332166
155832,49.188801,15.356404
155833,49.225414,15.380597
155834,49.261978,15.404817
155835,49.298618,15.429029
155836,49.335190,15.453244
155837,49.371719,15.477479
155838,47.215908,24.234221
155839,47.245209,24.227259
155840,47.274536,24.220308
155841,47.303818,24.213346
155842,47.333160,24.206373
155843,47.362503,24.199415
155844,47.391785,24.192484
155845,47.421120,24.185503
155846,47.450401,24.178545
155847,47.479733,24.171595
155848,23.029823,35.330181
155849,23.042761,35.322701
155850,23.055700,35.315212
155851,23.068645,35.307732
155852,23.081587,35.300240
155853,23.094530,35.292763
155854,23.107477,35.285275
155855,23.120417,35.277786
155856,23.133364,35.270306
155857,23.146299,35.262829
155858,23.159243,35.255337
155859,23.172186,35.247849
155860,23.185125,35.240364
155861,59.690186,17.027143
155862,59.720303,17.047773
155863,59.750374,17.068399
155864,59.780422,17.089037
155865,59.810547,17.109621
155866,59.840641,17.130228
155867,59.870708,17.150873
155868,59.900803,17.171484
155869,59.930855,17.192122
155870,59.960938,17.212729
155871,59.991020,17.233351
155872,60.021114,17.253984
155873,60.051205,17.274611
155874,31.003220,36.069794
155875,31.027767,36.033581
155876,31.052305,35.997368
155877,31.076832,35.961147
155878,31.101364,35.924923
155879,31.125916,35.888718
155880,31.150452,35.852501
155881,31.174994,35.816280
155882,31.199520,35.780064
155883,31.224058,35.743847
155884,31.248608,35.707626
155885,31.273153,35.671417
155886,31.297689,35.635193
155887,40.650707,28.669220
155888,40.703156,28.624498
155889,40.755547,28.579794
155890,40.807976,28.535076
155891,40.860382,28.490379
155892,40.912804,28.445667
155893,40.965195,28.400967
155894,78.827507,18.779058
155895,78.815804,18.759848
155896,78.804146,18.740650
155897,78.792473,18.721441
155898,78.780800,18.702232
155899,78.769112,18.683023
155900,78.757431,18.663818
155901,80.588219,23.653332
155902,80.623085,23.581848
155903,80.657936,23.510378
155904,80.692833,23.438898
155905,80.727676,23.367422
155906,80.762573,23.295958
155907,80.797447,23.224470
155908,84.343010,22.594423
155909,84.377846,22.522932
155910,84.412750,22.451479
155911,84.447609,22.379997
155912,84.482468,22.308523
155913,84.517326,22.237040
155914,84.552193,22.165565
155915,78.908699,34.845867
155916,78.926247,34.832241
155917,78.943825,34.818619
155918,78.961372,34.805000
155919,78.978905,34.791374
155920,78.996490,34.777740
155921,79.014023,34.764118
155922,79.031563,34.750500
155923,79.049118,34.736858
155924,79.066681,34.723248
155925,79.084251,34.709618
155926,79.101768,34.695992
155927,79.119347,34.682373
155928,79.136894,34.668728
155929,79.154442,34.655109
155930,79.171997,34.641495
155931,79.189552,34.627869
155932,79.207100,34.614250
155933,61.756821,12.871264
155934,61.714584,12.881763
155935,61.672356,12.892252
155936,61.630123,12.902745
155937,61.587891,12.913239
155938,61.545666,12.923733
155939,61.503441,12.934228
155940,61.461205,12.944718
155941,61.418983,12.955215
155942,61.376747,12.965709
155943,61.334511,12.976205
155944,61.292282,12.986695
155945,61.250046,12.997186
155946,61.207817,13.007680
155947,61.165588,13.018174
155948,61.123356,13.028669
155949,61.081139,13.039166
155950,61.038902,13.049655
155951,59.670883,29.807493
155952,59.685341,29.803324
155953,59.699875,29.799179
155954,59.714405,29.795000
155955,59.728886,29.790882
155956,59.743423,29.786716
155957,59.757912,29.782560
155958,59.772415,29.778427
155959,59.786896,29.774271
155960,59.801434,29.770119
155961,59.815926,29.765978
155962,59.830437,29.761839
155963,59.844929,29.757650
155964,59.859444,29.753515
155965,59.873932,29.749395
155966,59.888481,29.745207
155967,59.902977,29.741074
155968,59.917477,29.736910
155969,70.118614,19.880148
155970,70.132172,19.852352
155971,70.145729,19.824551
155972,70.159294,19.796755
155973,70.172844,19.768969
155974,70.186409,19.741154
155975,70.199974,19.713362
155976,70.213554,19.685566
155977,70.227074,19.657780
155978,70.240646,19.629976
155979,70.254211,19.602175
155980,70.267769,19.574381
155981,70.281334,19.546583
155982,70.294899,19.518795
155983,70.308472,19.490995
155984,70.322006,19.463196
155985,70.335571,19.435410
155986,70.349129,19.407608
155987,62.479225,32.922211
155988,62.501034,32.917282
155989,62.522907,32.912342
155990,62.544762,32.907410
155991,62.566566,32.902481
155992,62.588425,32.897549
155993,62.610260,32.892612
155994,62.632130,32.887665
155995,62.653946,32.882751
155996,62.675808,32.877811
155997,62.697639,32.872871
155998,62.719505,32.867928
155999,62.741318,32.862999
156000,69.108879,28.746202
156001,69.128990,28.740459
156002,69.149094,28.734707
156003,69.169167,28.728962
156004,69.189224,28.723223
156005,69.209335,28.717461
156006,69.229416,28.711725
156007,69.249512,28.705988
156008,69.269585,28.700228
156009,69.289680,28.694469
156010,69.309784,28.688723
156011,69.329887,28.682989
156012,69.349937,28.677233
156013,70.423988,30.093794
156014,70.450172,30.075047
156015,70.476326,30.056284
156016,70.502533,30.037540
156017,70.528671,30.018782
156018,70.554832,30.000044
156019,70.581017,29.981285
156020,70.607170,29.962519
156021,70.633339,29.943768
156022,70.659523,29.925022
156023,70.685677,29.906271
156024,70.711853,29.887524
156025,70.738029,29.868757
156026,63.774952,21.689289
156027,63.803181,21.665215
156028,63.831432,21.641140
156029,63.859638,21.617067
156030,63.887852,21.592985
156031,63.916092,21.568926
156032,63.944302,21.544840
156033,63.972507,21.520777
156034,64.000771,21.496708
156035,64.028954,21.472614
156036,64.057213,21.448553
156037,64.085411,21.424479
156038,64.113655,21.400404
156039,69.353920,31.778736
156040,69.336472,31.764990
156041,69.319038,31.751238
156042,69.301598,31.737494
156043,69.284142,31.723743
156044,69.266701,31.709995
156045,69.249245,31.696241
156046,69.231804,31.682505
156047,69.214348,31.668758
156048,69.196907,31.655006
156049,69.179459,31.641256
156050,69.162025,31.627508
156051,69.144562,31.613754
156052,73.930916,38.845573
156053,73.951263,38.839668
156054,73.971535,38.833778
156055,73.991913,38.827900
156056,74.012207,38.821987
156057,74.032562,38.816090
156058,74.052872,38.810215
156059,74.073181,38.804295
156060,74.093491,38.798431
156061,74.113838,38.792526
156062,74.134163,38.786610
156063,74.154472,38.780754
156064,74.174789,38.774830
156065,68.630417,35.776268
156066,68.650314,35.769905
156067,68.670128,35.763535
156068,68.690025,35.757156
156069,68.709900,35.750805
156070,68.729729,35.744415
156071,68.749611,35.738060
156072,68.769432,35.731682
156073,68.789345,35.725327
156074,68.809174,35.718945
156075,68.829033,35.712570
156076,68.848900,35.706203
156077,68.868767,35.699837
156078,72.624535,15.769582
156079,72.621132,15.763985
156080,72.617729,15.758376
156081,72.614326,15.752782
156082,72.610909,15.747184
156083,72.607513,15.741570
156084,72.604095,15.735965
156085,72.600693,15.730369
156086,72.597290,15.724782
156087,72.593895,15.719172
156088,72.590485,15.713571
156089,72.587090,15.707970
156090,72.583672,15.702359
156091,72.580261,15.696768
156092,72.576866,15.691165
156093,72.573471,15.685562
156094,72.570030,15.679950
156095,72.566635,15.674339
156096,72.563225,15.668748
156097,72.559830,15.663146
156098,72.556427,15.657550
156099,72.553009,15.651938
156100,72.549614,15.646348
156101,72.546196,15.640733
156102,76.177071,11.110727
156103,76.173660,11.105126
156104,76.170250,11.099521
156105,76.166847,11.093909
156106,76.163445,11.088313
156107,76.160027,11.082724
156108,76.156631,11.077119
156109,76.153229,11.071511
156110,76.149811,11.065907
156111,76.146408,11.060312
156112,76.143013,11.054702
156113,76.139603,11.049112
156114,76.136208,11.043509
156115,76.132797,11.037887
156116,76.129387,11.032300
156117,76.125977,11.026695
156118,76.122566,11.021094
156119,76.119156,11.015488
156120,76.115776,11.009899
156121,76.112366,11.004289
156122,76.108948,10.998683
156123,76.105530,10.993087
156124,76.102142,10.987489
156125,76.098732,10.981881
156126,64.879318,19.315170
156127,64.889519,19.294321
156128,64.899673,19.273481
156129,64.909859,19.252634
156130,64.920029,19.231789
156131,64.930191,19.210932
156132,64.940361,19.190092
156133,64.950539,19.169239
156134,64.960701,19.148390
156135,64.970871,19.127548
156136,64.981049,19.106699
156137,64.991211,19.085848
156138,65.001396,19.065002
156139,65.011543,19.044157
156140,65.021713,19.023306
156141,65.031883,19.002466
156142,65.042053,18.981617
156143,65.052238,18.960764
156144,65.062416,18.939926
156145,65.072563,18.919067
156146,65.082726,18.898220
156147,65.092911,18.877386
156148,65.103081,18.856533
156149,65.113258,18.835682
156150,73.136345,17.928968
156151,73.147362,17.909296
156152,73.158432,17.889637
156153,73.169464,17.869968
156154,73.180489,17.850273
156155,73.191505,17.830612
156156,73.202553,17.810934
156157,73.213593,17.791262
156158,73.224640,17.771593
156159,73.235672,17.751925
156160,73.246689,17.732237
156161,73.257759,17.712589
156162,73.268761,17.692904
156163,73.279816,17.673233
156164,73.290840,17.653566
156165,73.301903,17.633902
156166,73.312889,17.614225
156167,73.323944,17.594534
156168,73.334976,17.574879
156169,73.346001,17.555195
156170,73.357033,17.535532
156171,73.368080,17.515858
156172,73.379120,17.496183
156173,73.390129,17.476500
156174,27.292166,31.512932
156175,27.320549,31.470606
156176,27.348925,31.428280
156177,27.377306,31.385948
156178,27.405672,31.343641
156179,27.434057,31.301319
156180,27.462410,31.258982
156181,27.490818,31.216660
156182,27.519180,31.174337
156183,27.547567,31.132038
156184,27.575949,31.089712
156185,27.604303,31.047380
156186,33.147102,25.295973
156187,33.171547,25.290159
156188,33.195992,25.284357
156189,33.220413,25.278566
156190,33.244850,25.272760
156191,33.269264,25.266954
156192,33.293694,25.261173
156193,33.318119,25.255363
156194,33.342564,25.249573
156195,33.367012,25.243765
156196,33.391418,25.237965
156197,33.415855,25.232176
156198,48.653408,19.969271
156199,48.690063,19.960581
156200,48.726669,19.951891
156201,48.763336,19.943178
156202,48.799976,19.934492
156203,48.836651,19.925764
156204,48.873314,19.917089
156205,48.909916,19.908392
156206,10.727308,32.502598
156207,10.760410,32.443584
156208,10.793516,32.384567
156209,10.826632,32.325542
156210,10.859684,32.266499
156211,10.892828,32.207489
156212,10.925934,32.148491
156213,10.959007,32.089470
156214,79.166054,40.536854
156215,79.188393,40.525127
156216,79.210762,40.513412
156217,79.233086,40.501686
156218,79.255447,40.489975
156219,79.277779,40.478249
156220,79.300140,40.466541
156221,79.322456,40.454792
156222,79.344810,40.443066
156223,79.367149,40.431358
156224,79.389503,40.419640
156225,79.411842,40.407913
156226,90.647820,37.401714
156227,90.668182,37.360039
156228,90.688515,37.318336
156229,90.708847,37.276642
156230,90.729195,37.234947
156231,90.749542,37.193275
156232,90.769875,37.151558
156233,90.790215,37.109871
156234,90.810555,37.068172
156235,90.830887,37.026478
156236,90.851227,36.984779
156237,90.871567,36.943111
156238,70.933388,21.559891
156239,70.968239,21.488405
156240,71.003105,21.416925
156241,71.037987,21.345448
156242,71.072861,21.273983
156243,71.107719,21.202501
156244,71.142586,21.131021
156245,74.231499,36.556492
156246,74.226776,36.546207
156247,74.222038,36.535923
156248,74.217308,36.525635
156249,74.212601,36.515358
156250,74.207855,36.505066
156251,74.203148,36.494789
156252,79.989677,26.682276
156253,80.024559,26.610804
156254,80.059433,26.539331
156255,80.094284,26.467852
156256,80.129173,26.396374
156257,80.164009,26.324896
156258,80.198906,26.253429
156259,60.543610,23.642096
156260,60.540298,23.634897
156261,60.536999,23.627710
156262,60.533695,23.620512
156263,60.530388,23.613304
156264,60.527084,23.606117
156265,60.523773,23.598913
156266,60.520470,23.591728
156267,60.517166,23.584528
156268,60.513855,23.577337
156269,77.690277,19.553106
156270,77.682114,19.539658
156271,77.673927,19.526218
156272,77.665749,19.512753
156273,77.657570,19.499311
156274,77.649406,19.485878
156275,77.641235,19.472433
156276,77.633049,19.458986
156277,77.624886,19.445539
156278,77.616699,19.432095
156279,63.537952,21.443888
156280,63.562366,21.393858
156281,63.586765,21.343822
156282,63.611168,21.293783
156283,63.635582,21.243769
156284,63.659977,21.193726
156285,63.684399,21.143700
156286,63.708801,21.093651
156287,63.733208,21.043623
156288,63.757618,20.993587
156289,73.970772,15.155293
156290,73.962585,15.141856
156291,73.954414,15.128396
156292,73.946243,15.114953
156293,73.938072,15.101520
156294,73.929901,15.088070
156295,73.921730,15.074632
156296,73.913559,15.061183
156297,73.905380,15.047731
156298,73.897209,15.034291
156299,66.849800,30.476994
156300,66.846825,30.471630
156301,66.843849,30.466274
156302,66.840874,30.460922
156303,66.837898,30.455563
156304,66.834923,30.450203
156305,66.831963,30.444845
156306,66.828995,30.439501
156307,66.826004,30.434134
156308,66.823036,30.428785
156309,36.393951,17.858942
156310,36.372139,17.860609
156311,36.350342,17.862249
156312,36.328541,17.863914
156313,36.306747,17.865572
156314,36.284939,17.867226
156315,36.263138,17.868881
156316,36.241329,17.870535
156317,36.219524,17.872194
156318,36.197716,17.873840
156319,53.983616,13.586126
156320,54.005390,13.534778
156321,54.027164,13.483434
156322,54.048927,13.432091
156323,54.070698,13.380746
156324,54.092472,13.329409
156325,54.114239,13.278064
156326,54.136005,13.226708
156327,54.157772,13.175372
156328,54.179565,13.124017
156329,52.218704,25.096611
156330,52.227077,25.089472
156331,52.235443,25.082315
156332,52.243801,25.075184
156333,52.252167,25.068026
156334,52.260525,25.060888
156335,52.268906,25.053749
156336,52.277271,25.046602
156337,52.285633,25.039465
156338,52.293991,25.032326
156339,45.842995,21.786421
156340,45.870068,21.736210
156341,45.897129,21.685966
156342,45.924217,21.635725
156343,45.951275,21.585497
156344,45.978348,21.535254
156345,46.004025,21.485123
156346,46.028427,21.435089
156347,46.052845,21.385067
156348,46.077267,21.335039
156349,37.567039,31.521820
156350,37.604870,31.454386
156351,37.642712,31.386927
156352,37.680534,31.319475
156353,37.718349,31.252031
156354,37.756233,31.184605
156355,37.794041,31.117138
156356,42.969322,36.903450
156357,43.007431,36.892494
156358,43.045528,36.881577
156359,43.083664,36.870659
156360,43.121788,36.859718
156361,43.159897,36.848801
156362,43.198009,36.837875
156363,42.585564,35.202793
156364,42.638870,35.145748
156365,42.692177,35.088696
156366,42.745487,35.031658
156367,42.798775,34.974617
156368,42.852066,34.917568
156369,42.905380,34.860535
156370,59.880180,24.803032
156371,59.904259,24.760113
156372,59.928337,24.717175
156373,59.952404,24.674273
156374,59.976486,24.631348
156375,60.000561,24.588425
156376,60.024662,24.545500
156377,60.048698,24.502562
156378,60.072800,24.459660
156379,60.096848,24.416712
156380,60.120907,24.373793
156381,90.398537,27.914444
156382,90.422600,27.871540
156383,90.446716,27.828621
156384,90.470764,27.785692
156385,90.494827,27.742769
156386,90.518898,27.699846
156387,90.542992,27.656923
156388,90.567055,27.613998
156389,90.591133,27.571091
156390,90.615189,27.528154
156391,90.639290,27.485237
156392,75.001091,25.653166
156393,75.024574,25.645655
156394,75.047997,25.638124
156395,75.071487,25.630587
156396,75.094940,25.623056
156397,75.118446,25.615526
156398,75.141937,25.608007
156399,75.165375,25.600466
156400,75.188812,25.592943
156401,75.212334,25.585421
156402,75.235779,25.577909
156403,85.157265,27.603811
156404,85.180702,27.596277
156405,85.204155,27.588781
156406,85.227676,27.581221
156407,85.251114,27.573690
156408,85.274612,27.566164
156409,85.298058,27.558653
156410,85.321526,27.551107
156411,85.345039,27.543581
156412,85.368492,27.536051
156413,85.391960,27.528540
156414,79.140892,26.494967
156415,79.164345,26.487425
156416,79.187836,26.479902
156417,79.211296,26.472395
156418,79.234810,26.464853
156419,79.258247,26.457323
156420,79.281723,26.449804
156421,79.305145,26.442293
156422,79.328659,26.434748
156423,79.352135,26.427217
156424,79.375603,26.419683
156425,49.741016,23.463057
156426,49.781693,23.379660
156427,49.822361,23.296282
156428,49.863029,23.212877
156429,49.903725,23.129494
156430,49.944420,23.046118
156431,45.651600,22.318722
156432,45.692295,22.235350
156433,45.732975,22.151953
156434,45.773632,22.068548
156435,45.814327,21.985167
156436,45.855019,21.901796
156437,52.874985,28.202560
156438,52.919125,28.123865
156439,52.963268,28.045176
156440,53.007393,27.966490
156441,53.051544,27.887806
156442,53.095676,27.809118
156443,9.586843,16.655735
156444,9.624670,16.588278
156445,9.662512,16.520838
156446,9.700338,16.453386
156447,9.738167,16.385942
156448,9.776007,16.318485
156449,9.813843,16.251038
156450,18.381308,20.410252
156451,18.419130,20.342802
156452,18.456978,20.275368
156453,18.494816,20.207909
156454,18.532650,20.140469
156455,18.570473,20.073013
156456,18.608303,20.005550
156457,14.512661,16.336142
156458,14.558083,16.265778
156459,14.603502,16.195429
156460,14.648926,16.125080
156461,14.694366,16.054737
156462,14.739799,15.984393
156463,14.785217,15.914044
156464,13.149853,21.610950
156465,13.187685,21.543491
156466,13.225510,21.476042
156467,13.263342,21.408585
156468,13.301188,21.341156
156469,13.339012,21.273695
156470,13.376842,21.206255
156471,0.916792,14.063923
156472,0.939562,14.022795
156473,0.962290,13.981639
156474,0.985033,13.940469
156475,1.007777,13.899328
156476,1.030524,13.858180
156477,1.053252,13.817006
156478,1.076003,13.775867
156479,1.098746,13.734722
156480,-1.872751,13.193851
156481,-1.837419,13.139147
156482,-1.802089,13.084423
156483,-1.766735,13.029716
156484,-1.731418,12.974991
156485,-1.696096,12.920258
156486,-1.660755,12.865561
156487,-1.625432,12.810837
156488,-1.590103,12.756111
156489,3.608755,16.937321
156490,3.639759,16.884439
156491,3.670773,16.831579
156492,3.701786,16.778704
156493,3.732790,16.725822
156494,3.763808,16.672960
156495,3.794827,16.620092
156496,3.825842,16.567221
156497,3.856852,16.514341
156498,2.983155,23.574247
156499,3.021050,23.517817
156500,3.058854,23.461374
156501,3.096689,23.404966
156502,3.134541,23.348541
156503,3.172330,23.292091
156504,3.210178,23.235655
156505,3.247990,23.179213
156506,3.285842,23.122801
156507,75.129066,15.934169
156508,75.117386,15.914958
156509,75.105721,15.895753
156510,75.094032,15.876546
156511,75.082367,15.857335
156512,75.070671,15.838122
156513,75.059013,15.818931
156514,75.982193,17.497385
156515,75.970512,17.478178
156516,75.958839,17.458967
156517,75.947159,17.439758
156518,75.935486,17.420549
156519,75.923790,17.401350
156520,75.912125,17.382141
156521,78.574440,18.699739
156522,78.562759,18.680519
156523,78.551086,18.661312
156524,78.539413,18.642118
156525,78.527733,18.622908
156526,78.516060,18.603701
156527,78.504402,18.584494
156528,61.691914,32.259869
156529,61.717888,32.210781
156530,61.743843,32.161713
156531,61.769825,32.112633
156532,61.795765,32.063534
156533,61.821728,32.014446
156534,61.847664,31.965359
156535,61.873642,31.916285
156536,54.799194,30.133106
156537,54.832298,30.074060
156538,54.865410,30.015047
156539,54.898502,29.956032
156540,54.931606,29.897005
156541,54.964718,29.837996
156542,54.997803,29.778961
156543,55.030926,29.719976
156544,57.765610,27.554977
156545,57.791576,27.505877
156546,57.817528,27.456804
156547,57.843498,27.407722
156548,57.869442,27.358622
156549,57.895420,27.309549
156550,57.921371,27.260477
156551,57.947334,27.211380
156552,68.481758,28.987860
156553,68.512276,28.925327
156554,68.542778,28.862799
156555,68.573288,28.800245
156556,68.603783,28.737698
156557,68.634300,28.675165
156558,68.664818,28.612623
156559,68.695328,28.550089
156560,68.350159,16.286741
156561,68.344627,16.267818
156562,68.335533,16.252888
156563,68.326469,16.237940
156564,68.317368,16.222998
156565,68.308281,16.208065
156566,68.299202,16.193127
156567,68.290108,16.178185
156568,68.281036,16.163240
156569,57.059376,26.834417
156570,57.076088,26.819981
156571,57.087303,26.813492
156572,57.098530,26.807011
156573,57.109745,26.800529
156574,57.120960,26.794037
156575,57.132175,26.787544
156576,57.143387,26.781061
156577,57.154613,26.774567
156578,57.165817,26.768091
156579,57.177048,26.761597
156580,57.188263,26.755112
156581,57.199478,26.748629
156582,57.210686,26.742142
156583,57.221901,26.735645
156584,63.176117,28.762482
156585,63.195816,28.738762
156586,63.215519,28.715054
156587,63.235214,28.691332
156588,63.254913,28.667616
156589,63.274616,28.643909
156590,63.294319,28.620182
156591,63.314018,28.596466
156592,63.333729,28.572756
156593,63.353436,28.549040
156594,63.373127,28.525324
156595,63.392830,28.501608
156596,63.412540,28.477892
156597,63.432236,28.454185
156598,63.451935,28.430454
156599,45.075958,22.245588
156600,45.085663,22.239231
156601,45.095352,22.232874
156602,45.105057,22.226522
156603,45.114754,22.220165
156604,45.124451,22.213810
156605,45.134148,22.207449
156606,45.143848,22.201099
156607,45.153545,22.194742
156608,45.163246,22.188387
156609,45.172951,22.182030
156610,45.182652,22.175671
156611,45.192352,22.169317
156612,45.202042,22.162964
156613,45.211739,22.156603
156614,69.823944,30.004267
156615,69.843323,29.999605
156616,69.861610,29.990480
156617,69.878654,29.976046
156618,69.895660,29.961630
156619,69.912704,29.947218
156620,69.929726,29.932779
156621,69.946724,29.918371
156622,69.963791,29.903963
156623,69.980804,29.889521
156624,69.997795,29.875120
156625,70.014854,29.860708
156626,70.031860,29.846254
156627,70.048882,29.831823
156628,70.065918,29.817423
156629,36.950989,33.718952
156630,36.983711,33.709480
156631,37.016434,33.700020
156632,37.049137,33.690540
156633,37.081863,33.681080
156634,37.114601,33.671585
156635,37.147312,33.662102
156636,37.180023,33.652630
156637,38.436707,27.179508
156638,38.477440,27.124439
156639,38.518177,27.069359
156640,38.558929,27.014282
156641,38.599678,26.959213
156642,38.640427,26.904135
156643,38.681183,26.849058
156644,38.721924,26.793978
156645,65.555305,47.124512
156646,65.574455,47.118980
156647,65.593620,47.113430
156648,65.612740,47.107910
156649,65.631897,47.102341
156650,65.650993,47.096832
156651,65.670166,47.091301
156652,65.689301,47.085747
156653,65.708458,47.080235
156654,65.727592,47.074692
156655,65.746719,47.069153
156656,65.765854,47.063629
156657,62.446632,36.327942
156658,62.470299,36.322605
156659,62.493980,36.317230
156660,62.517628,36.311893
156661,62.541306,36.306561
156662,62.564976,36.301193
156663,62.588608,36.295868
156664,62.612289,36.290493
156665,62.635960,36.285172
156666,62.659622,36.279816
156667,62.683266,36.274479
156668,62.706921,36.269127
156669,68.840508,21.412857
156670,68.791138,21.417017
156671,68.741768,21.421179
156672,68.692390,21.425343
156673,68.643028,21.429501
156674,68.593651,21.433664
156675,68.544289,21.437828
156676,68.485222,21.450489
156677,68.422089,21.466705
156678,68.358955,21.482927
156679,68.295830,21.499140
156680,68.232704,21.515362
156681,70.529602,36.726234
156682,70.551613,36.719852
156683,70.573662,36.713455
156684,70.595665,36.707069
156685,70.617706,36.700684
156686,70.639702,36.694290
156687,70.661713,36.687935
156688,70.683731,36.681511
156689,70.705750,36.675140
156690,70.727730,36.668785
156691,70.749809,36.662407
156692,70.771782,36.655998
156693,93.183296,19.840464
156694,93.211990,19.831266
156695,93.240654,19.822058
156696,93.269341,19.812876
156697,93.298042,19.803686
156698,93.326736,19.794466
156699,93.355400,19.785284
156700,93.384102,19.776072
156701,93.412773,19.766882
156702,102.646790,29.105865
156703,102.673286,29.053625
156704,102.699738,29.001392
156705,102.726204,28.949156
156706,102.752655,28.896912
156707,102.779121,28.844667
156708,102.805611,28.792437
156709,102.832077,28.740229
156710,102.858513,28.687988
156711,99.822899,21.519159
156712,99.786621,21.543980
156713,99.750359,21.568806
156714,99.714088,21.593634
156715,99.677818,21.618456
156716,99.641563,21.643280
156717,99.605309,21.668108
156718,99.569038,21.692934
156719,99.532761,21.717758
156720,92.239388,19.938990
156721,92.268089,19.929777
156722,92.296761,19.920595
156723,92.325447,19.911386
156724,92.354149,19.902205
156725,92.382866,19.892958
156726,92.411514,19.883802
156727,92.440216,19.874586
156728,92.468895,19.865389
156729,82.850052,19.300169
156730,82.858757,19.268156
156731,82.867470,19.236145
156732,82.876190,19.204142
156733,82.884926,19.172117
156734,82.893639,19.140091
156735,82.902321,19.108110
156736,82.911079,19.076097
156737,82.919762,19.044083
156738,82.928459,19.012060
156739,82.937210,18.980051
156740,82.945915,18.948027
156741,82.954613,18.916029
156742,82.963356,18.884008
156743,82.972061,18.851999
156744,82.980804,18.819983
156745,82.989471,18.787970
156746,82.998207,18.755968
156747,83.006950,18.723961
156748,117.599190,20.289255
156749,117.594566,20.286741
156750,117.589928,20.284197
156751,117.585289,20.281664
156752,117.580681,20.279139
156753,117.576057,20.276606
156754,117.571426,20.274069
156755,117.566788,20.271544
156756,117.562172,20.269011
156757,117.557549,20.266481
156758,117.552895,20.263948
156759,117.548286,20.261410
156760,117.543648,20.258875
156761,117.539017,20.256353
156762,117.534386,20.253826
156763,117.529755,20.251282
156764,117.525146,20.248764
156765,117.520493,20.246229
156766,117.515892,20.243692
156767,116.314522,19.141359
156768,116.309906,19.138830
156769,116.305267,19.136301
156770,116.300636,19.133766
156771,116.296036,19.131243
156772,116.291405,19.128702
156773,116.286781,19.126179
156774,116.282150,19.123650
156775,116.277504,19.121103
156776,116.272888,19.118587
156777,116.268257,19.116049
156778,116.263611,19.113514
156779,116.259003,19.110983
156780,116.254379,19.108450
156781,116.249741,19.105921
156782,116.245117,19.103388
156783,116.240501,19.100861
156784,116.235840,19.098324
156785,116.231216,19.095797
156786,28.718496,45.642227
156787,28.727833,45.634281
156788,28.737223,45.626328
156789,28.746546,45.618397
156790,28.755907,45.610439
156791,28.765257,45.602493
156792,28.774578,45.594543
156793,28.783936,45.586639
156794,28.793272,45.578697
156795,28.802624,45.570744
156796,28.811972,45.562801
156797,28.821310,45.554859
156798,28.830669,45.546902
156799,28.839996,45.538982
156800,28.849335,45.531052
156801,28.858698,45.523102
156802,28.868040,45.515175
156803,28.877386,45.507206
156804,28.886744,45.499271
156805,28.896057,45.491360
156806,28.905405,45.483383
156807,28.914740,45.475471
156808,28.924107,45.467514
156809,28.933451,45.459579
156810,28.942801,45.451622
156811,28.952133,45.443695
156812,28.961452,45.435764
156813,30.578539,31.355923
156814,30.587923,31.347973
156815,30.597265,31.340014
156816,30.606604,31.332094
156817,30.615953,31.324139
156818,30.625305,31.316189
156819,30.634655,31.308247
156820,30.643982,31.300325
156821,30.653337,31.292389
156822,30.662680,31.284435
156823,30.672039,31.276506
156824,30.681355,31.268560
156825,30.690718,31.260593
156826,30.700052,31.252670
156827,30.709404,31.244736
156828,30.718748,31.236786
156829,30.728102,31.228842
156830,30.737476,31.220905
156831,30.746796,31.212982
156832,30.756105,31.205040
156833,30.765480,31.197090
156834,30.774801,31.189148
156835,30.784176,31.181198
156836,30.793518,31.173256
156837,30.802853,31.165316
156838,30.812206,31.157381
156839,30.821522,31.149450
156840,44.986404,28.208849
156841,44.997246,28.206274
156842,45.008118,28.203699
156843,45.018967,28.201105
156844,45.029846,28.198538
156845,45.040733,28.195971
156846,45.051571,28.193369
156847,45.062416,28.190805
156848,45.073296,28.188211
156849,45.084118,28.185671
156850,45.095020,28.183065
156851,45.105843,28.180498
156852,45.116692,28.177931
156853,45.127548,28.175322
156854,45.138405,28.172762
156855,45.149277,28.170191
156856,45.160122,28.167639
156857,45.171005,28.165049
156858,45.181858,28.162462
156859,45.192696,28.159872
156860,45.203587,28.157301
156861,45.214424,28.154737
156862,45.225288,28.152155
156863,45.236137,28.149569
156864,45.247005,28.146994
156865,45.257851,28.144411
156866,45.268684,28.141832
156867,31.348379,34.099506
156868,31.357756,34.091557
156869,31.367107,34.083622
156870,31.376429,34.075668
156871,31.385778,34.067741
156872,31.395119,34.059776
156873,31.404465,34.051849
156874,31.413809,34.043919
156875,31.423172,34.035961
156876,31.432499,34.028046
156877,31.441854,34.020096
156878,31.451195,34.012142
156879,31.460556,34.004204
156880,31.469877,33.996262
156881,31.479198,33.988331
156882,31.488564,33.980377
156883,31.497921,33.972450
156884,31.507282,33.964508
156885,31.516621,33.956547
156886,31.525949,33.948616
156887,31.535294,33.940681
156888,31.544634,33.932751
156889,31.553982,33.924797
156890,31.563343,33.916859
156891,31.572672,33.908920
156892,31.582020,33.900967
156893,31.591364,33.893036
156894,24.862947,16.192564
156895,24.872751,16.175077
156896,24.882565,16.157589
156897,24.892363,16.140106
156898,24.902172,16.122614
156899,24.911983,16.105124
156900,24.921799,16.087637
156901,24.931606,16.070152
156902,24.941416,16.052673
156903,24.951223,16.035181
156904,24.961031,16.017698
156905,24.970842,16.000210
156906,24.980642,15.982715
156907,24.990452,15.965234
156908,25.000259,15.947747
156909,25.010080,15.930261
156910,25.019880,15.912772
156911,25.029684,15.895276
156912,25.039499,15.877801
156913,25.049307,15.860309
156914,25.059114,15.842824
156915,25.068928,15.825337
156916,25.078730,15.807851
156917,25.088533,15.790368
156918,25.098341,15.772868
156919,25.108152,15.755389
156920,25.117970,15.737899
156921,61.197739,17.301632
156922,61.191910,17.304653
156923,61.186081,17.307674
156924,61.180252,17.310699
156925,61.174431,17.313721
156926,61.168594,17.316744
156927,61.162766,17.319767
156928,61.156944,17.322790
156929,61.151100,17.325809
156930,61.145275,17.328829
156931,61.139442,17.331850
156932,61.133614,17.334867
156933,61.127785,17.337891
156934,61.121956,17.340916
156935,61.116131,17.343943
156936,61.110302,17.346964
156937,61.104469,17.349985
156938,61.098648,17.353006
156939,61.092812,17.356026
156940,61.086983,17.359047
156941,61.081146,17.362068
156942,61.075321,17.365093
156943,61.069496,17.368116
156944,61.063660,17.371138
156945,61.057835,17.374159
156946,61.052010,17.377182
156947,61.046181,17.380207
156948,61.040344,17.383224
156949,51.705788,29.729248
156950,51.715134,29.726576
156951,51.724461,29.723927
156952,51.733788,29.721247
156953,51.743118,29.718586
156954,51.752419,29.715910
156955,51.761780,29.713226
156956,51.771088,29.710569
156957,51.780399,29.707912
156958,51.789742,29.705227
156959,51.799080,29.702545
156960,51.808380,29.699898
156961,51.817703,29.697241
156962,51.827061,29.694561
156963,51.836361,29.691900
156964,51.845699,29.689226
156965,51.855030,29.686556
156966,51.864353,29.683897
156967,51.873661,29.681215
156968,51.882988,29.678532
156969,51.892323,29.675884
156970,51.901646,29.673223
156971,51.910961,29.670549
156972,51.920311,29.667885
156973,51.929611,29.665215
156974,51.938957,29.662535
156975,51.948273,29.659889
156976,51.957596,29.657213
156977,73.943703,24.286251
156978,73.952202,24.271473
156979,73.960701,24.256681
156980,73.969200,24.241903
156981,73.964821,24.234171
156982,73.960381,24.226492
156983,73.955940,24.218801
156984,73.951485,24.211119
156985,73.947052,24.203445
156986,73.942604,24.195751
156987,73.938164,24.188072
156988,73.933708,24.180382
156989,73.929268,24.172703
156990,73.924828,24.165024
156991,73.920403,24.157341
156992,73.915947,24.149656
156993,73.911499,24.141973
156994,73.907059,24.134279
156995,73.902611,24.126600
156996,73.898170,24.118917
156997,73.893715,24.111223
156998,73.889275,24.103544
156999,73.884850,24.095867
157000,73.880394,24.088181
157001,73.875954,24.080494
157002,73.871498,24.072807
157003,73.867050,24.065121
157004,73.862617,24.057453
157005,64.653740,18.459330
157006,64.650757,18.456671
157007,64.647781,18.454020
157008,64.644806,18.451361
157009,64.641823,18.448706
157010,64.638847,18.446054
157011,64.635872,18.443401
157012,64.632889,18.440746
157013,64.629921,18.438091
157014,64.626938,18.435446
157015,64.623955,18.432785
157016,64.620979,18.430132
157017,64.618004,18.427477
157018,64.615021,18.424824
157019,64.612045,18.422173
157020,64.609062,18.419519
157021,64.606102,18.416864
157022,64.603111,18.414207
157023,64.600121,18.411551
157024,64.597153,18.408897
157025,64.594170,18.406240
157026,64.591202,18.403591
157027,64.588219,18.400930
157028,64.585236,18.398279
157029,64.582268,18.395630
157030,64.579292,18.392975
157031,64.576309,18.390320
157032,64.573326,18.387665
157033,48.607315,35.977161
157034,48.623909,35.947685
157035,48.640476,35.918159
157036,48.656998,35.888653
157037,48.673557,35.859135
157038,48.690090,35.829628
157039,48.706657,35.800129
157040,48.723202,35.770618
157041,48.739758,35.741104
157042,48.756302,35.711582
157043,48.772861,35.682083
157044,48.789410,35.652592
157045,48.805977,35.623066
157046,48.822540,35.593578
157047,48.839081,35.564053
157048,48.855610,35.534542
157049,60.833515,27.871725
157050,60.849628,27.866552
157051,60.865753,27.861387
157052,60.881905,27.856226
157053,60.898010,27.851046
157054,60.914173,27.845873
157055,60.930328,27.840704
157056,60.946472,27.835520
157057,60.962585,27.830355
157058,60.978706,27.825171
157059,60.994846,27.819983
157060,61.010979,27.814821
157061,61.027134,27.809645
157062,61.043289,27.804457
157063,61.059425,27.799273
157064,61.075523,27.794119
157065,56.366333,38.191025
157066,56.383003,38.186237
157067,56.399681,38.181435
157068,56.416363,38.176674
157069,56.433052,38.171890
157070,56.449722,38.167107
157071,56.466358,38.162346
157072,56.483055,38.157558
157073,56.499741,38.152779
157074,56.516418,38.147980
157075,56.533112,38.143200
157076,56.549751,38.138435
157077,56.566437,38.133652
157078,56.583103,38.128864
157079,56.599815,38.124084
157080,56.616478,38.119331
157081,42.354446,28.203007
157082,42.365723,28.183247
157083,42.377022,28.163486
157084,42.388287,28.143724
157085,42.399590,28.123959
157086,42.410858,28.104197
157087,42.422146,28.084433
157088,42.433434,28.064676
157089,42.444714,28.044914
157090,42.456001,28.025145
157091,42.467274,28.005384
157092,42.478554,27.985626
157093,42.489838,27.965858
157094,42.501129,27.946100
157095,42.512413,27.926336
157096,42.523689,27.906569
157097,60.851460,29.104546
157098,60.840839,29.094633
157099,60.830208,29.084719
157100,60.819584,29.074800
157101,60.808952,29.064882
157102,60.798321,29.054972
157103,60.787693,29.045055
157104,60.777077,29.035143
157105,60.766441,29.025229
157106,60.755814,29.015314
157107,60.745186,29.005402
157108,60.734562,28.995485
157109,60.723938,28.985573
157110,60.713303,28.975658
157111,60.702690,28.965746
157112,60.692059,28.955828
157113,60.681419,28.945911
157114,60.670792,28.935999
157115,68.646805,43.384766
157116,68.661293,43.380634
157117,68.675819,43.376457
157118,68.690346,43.372314
157119,68.704834,43.368179
157120,68.719307,43.364014
157121,68.733818,43.359856
157122,68.748360,43.355717
157123,68.762848,43.351562
157124,68.777351,43.347408
157125,68.791870,43.343262
157126,68.806358,43.339108
157127,68.820877,43.334957
157128,68.835381,43.330807
157129,68.849937,43.326645
157130,68.864388,43.322510
157131,68.878929,43.318348
157132,68.893394,43.314217
157133,56.848526,28.731752
157134,56.853352,28.711096
157135,56.858204,28.690432
157136,56.863029,28.669775
157137,56.867874,28.649107
157138,56.872715,28.628445
157139,56.877537,28.607790
157140,56.882393,28.587126
157141,56.887241,28.566462
157142,56.892059,28.545801
157143,56.896900,28.525141
157144,56.901749,28.504475
157145,56.906586,28.483810
157146,56.911415,28.463158
157147,56.916260,28.442490
157148,56.921108,28.421831
157149,56.925934,28.401173
157150,56.930775,28.380512
157151,56.890110,31.068209
157152,56.906391,31.064344
157153,56.922684,31.060480
157154,56.938984,31.056643
157155,56.955299,31.052752
157156,56.971550,31.048872
157157,56.987846,31.045019
157158,57.004112,31.041162
157159,57.020416,31.037287
157160,57.036674,31.033422
157161,57.052963,31.029566
157162,57.069260,31.025679
157163,57.085548,31.021830
157164,57.101852,31.017946
157165,57.118122,31.014112
157166,57.134399,31.010225
157167,57.150688,31.006353
157168,57.166977,31.002508
157169,48.437157,26.199656
157170,48.453476,26.195787
157171,48.469742,26.191931
157172,48.486038,26.188066
157173,48.502323,26.184191
157174,48.518623,26.180330
157175,48.534904,26.176481
157176,48.551193,26.172594
157177,48.567490,26.168722
157178,48.583771,26.164885
157179,48.600044,26.161001
157180,48.616356,26.157141
157181,48.632622,26.153284
157182,48.648941,26.149397
157183,48.665192,26.145529
157184,48.681503,26.141668
157185,48.697750,26.137800
157186,48.714088,26.133936
157187,49.606880,42.265167
157188,49.621372,42.261024
157189,49.635883,42.256874
157190,49.650402,42.252720
157191,49.664913,42.248550
157192,49.679405,42.244419
157193,49.693932,42.240265
157194,49.708427,42.236118
157195,49.722927,42.231960
157196,49.737427,42.227818
157197,49.751942,42.223682
157198,49.766438,42.219498
157199,49.780960,42.215355
157200,49.795471,42.211197
157201,49.809959,42.207066
157202,49.824474,42.202904
157203,49.838985,42.198750
157204,49.853481,42.194633
157205,34.863823,29.784130
157206,34.882931,29.757998
157207,34.902039,29.731867
157208,34.921135,29.705730
157209,34.940231,29.679602
157210,34.959351,29.653458
157211,34.978447,29.627331
157212,34.997551,29.601200
157213,35.016651,29.575062
157214,35.035759,29.548933
157215,35.054863,29.522797
157216,35.073959,29.496664
157217,35.093082,29.470535
157218,35.112179,29.444403
157219,35.131264,29.418262
157220,35.150383,29.392136
157221,35.169495,29.365997
157222,35.188583,29.339865
157223,41.392921,37.251919
157224,41.419247,37.235542
157225,41.445568,37.219173
157226,41.471897,37.202793
157227,41.498230,37.186420
157228,41.524551,37.170048
157229,41.550880,37.153675
157230,41.577202,37.137306
157231,41.603539,37.120937
157232,41.629856,37.104568
157233,41.656216,37.088207
157234,41.682541,37.071827
157235,41.708870,37.055454
157236,41.735199,37.039074
157237,41.761543,37.022709
157238,41.787872,37.006336
157239,41.814201,36.989967
157240,52.823166,22.296530
157241,52.841881,22.294119
157242,52.860622,22.291700
157243,52.879356,22.289278
157244,52.898048,22.286871
157245,52.916779,22.284472
157246,52.935547,22.282049
157247,52.954277,22.279627
157248,52.972992,22.277220
157249,52.991699,22.274797
157250,53.010460,22.272379
157251,53.029175,22.269979
157252,53.047920,22.267572
157253,53.066628,22.265146
157254,53.085377,22.262743
157255,53.104088,22.260302
157256,53.122833,22.257906
157257,34.194012,24.843323
157258,34.181713,24.833883
157259,34.169403,24.824444
157260,34.157120,24.815006
157261,34.144814,24.805567
157262,34.132519,24.796127
157263,34.120220,24.786690
157264,34.107933,24.777252
157265,34.095627,24.767815
157266,34.083321,24.758375
157267,34.071030,24.748936
157268,34.058731,24.739498
157269,34.046436,24.730061
157270,34.034142,24.720619
157271,34.021835,24.711184
157272,34.009537,24.701742
157273,33.997246,24.692307
157274,59.516468,26.434847
157275,59.540546,26.391901
157276,59.564625,26.348995
157277,59.588699,26.306068
157278,59.612774,26.263147
157279,59.636852,26.220217
157280,59.660908,26.177303
157281,59.685001,26.134375
157282,59.709087,26.091465
157283,59.733143,26.048531
157284,59.757217,26.005617
157285,53.038418,29.592478
157286,53.048939,29.598192
157287,53.059486,29.603935
157288,53.070042,29.609678
157289,53.080578,29.615410
157290,53.091125,29.621145
157291,53.101643,29.626865
157292,53.112194,29.632599
157293,53.122738,29.638334
157294,53.133259,29.644066
157295,53.143803,29.649805
157296,56.182720,35.119854
157297,56.172482,35.116257
157298,56.162228,35.112637
157299,56.151974,35.109028
157300,56.141735,35.105419
157301,56.131493,35.101818
157302,56.121235,35.098202
157303,56.111000,35.094597
157304,56.100727,35.090973
157305,56.090488,35.087364
157306,56.080254,35.083767
157307,23.520510,36.289528
157308,23.559025,36.243702
157309,23.597574,36.197891
157310,23.636087,36.152065
157311,23.674608,36.106232
157312,23.713125,36.060406
157313,23.751661,36.014591
157314,23.790180,35.968761
157315,23.828716,35.922951
157316,9.259485,36.237637
157317,9.297314,36.181202
157318,9.335153,36.124771
157319,9.372972,36.068329
157320,9.410810,36.011906
157321,9.448636,35.955498
157322,9.486494,35.899055
157323,9.524321,35.842640
157324,9.562150,35.786209
157325,28.338984,34.550308
157326,28.367008,34.526489
157327,28.395048,34.502655
157328,28.423067,34.478848
157329,28.451130,34.455021
157330,28.479143,34.431206
157331,28.507208,34.407372
157332,28.535229,34.383560
157333,28.563246,34.359726
157334,21.474312,32.936302
157335,21.515747,32.891930
157336,21.557207,32.847572
157337,21.598654,32.803207
157338,21.640120,32.758831
157339,21.681578,32.714466
157340,21.723026,32.670097
157341,21.764482,32.625729
157342,21.805941,32.581360
157343,35.571117,33.107071
157344,35.609146,33.057442
157345,35.647186,33.007816
157346,35.685181,32.958202
157347,35.723198,32.908562
157348,35.766968,32.859417
157349,35.820442,32.811104
157350,35.873894,32.762779
157351,35.927380,32.714470
157352,39.428059,34.264805
157353,39.456116,34.240959
157354,39.484100,34.217152
157355,39.512165,34.193333
157356,39.540176,34.169510
157357,39.568222,34.145699
157358,39.596264,34.121868
157359,39.624306,34.098053
157360,39.652336,34.074215
157361,35.163078,34.268772
157362,35.204552,34.224419
157363,35.246002,34.180050
157364,35.287445,34.135681
157365,35.328888,34.091309
157366,35.370358,34.046940
157367,35.411819,34.002575
157368,35.453270,33.958210
157369,35.494728,33.913841
157370,49.396641,31.486092
157371,49.433571,31.441620
157372,49.470516,31.397163
157373,49.507477,31.352701
157374,49.544407,31.308229
157375,49.581360,31.263758
157376,49.618290,31.219292
157377,49.655228,31.174820
157378,49.948967,33.107151
157379,49.981575,33.097809
157380,50.014217,33.088482
157381,50.046867,33.079136
157382,50.079498,33.069801
157383,50.112137,33.060463
157384,50.144783,33.051102
157385,50.177437,33.041779
157386,49.109272,32.484531
157387,49.155891,32.434608
157388,49.202534,32.384697
157389,49.249180,32.334793
157390,49.295803,32.284870
157391,49.342449,32.234959
157392,49.389088,32.185055
157393,49.435711,32.135124
157394,85.267845,31.682291
157395,85.275093,31.665176
157396,85.282356,31.648062
157397,85.289604,31.630947
157398,85.296867,31.613825
157399,85.304100,31.596720
157400,85.311363,31.579588
157401,85.318634,31.562485
157402,85.325905,31.545366
157403,85.333153,31.528254
157404,85.340408,31.511135
157405,85.347656,31.494024
157406,85.354904,31.476910
157407,85.362160,31.459801
157408,85.369400,31.442682
157409,85.376671,31.425558
157410,85.383934,31.408449
157411,85.391197,31.391338
157412,85.398460,31.374224
157413,85.405701,31.357117
157414,85.412956,31.340166
157415,85.419975,31.325930
157416,85.427048,31.311687
157417,85.434105,31.297461
157418,85.441139,31.283218
157419,85.448219,31.268995
157420,85.455254,31.254736
157421,85.462303,31.240520
157422,85.469353,31.226271
157423,85.476402,31.212042
157424,72.343819,34.468922
157425,72.352654,34.453171
157426,72.361496,34.437431
157427,72.370308,34.421700
157428,72.379135,34.405972
157429,72.387962,34.390202
157430,72.396782,34.374481
157431,72.405632,34.358734
157432,72.414452,34.343018
157433,72.423286,34.327278
157434,72.432121,34.311535
157435,72.440926,34.295815
157436,72.449768,34.280075
157437,72.458595,34.264305
157438,72.467430,34.248577
157439,72.476227,34.232838
157440,72.485054,34.217102
157441,72.493889,34.201366
157442,72.502739,34.185635
157443,72.511581,34.169891
157444,72.520363,34.154144
157445,72.529228,34.138397
157446,72.538033,34.122692
157447,72.546875,34.106941
157448,72.555687,34.091190
157449,72.564537,34.075455
157450,72.573334,34.059727
157451,72.582176,34.043987
157452,72.591026,34.028240
157453,72.599831,34.012512
157454,87.676117,21.927975
157455,87.663643,21.931206
157456,87.651176,21.934441
157457,87.638710,21.937677
157458,87.626251,21.940916
157459,87.613777,21.944147
157460,87.601311,21.947386
157461,87.588844,21.950617
157462,87.576378,21.953859
157463,87.563911,21.957090
157464,87.551445,21.960325
157465,87.538994,21.963564
157466,87.526512,21.966801
157467,87.514038,21.970034
157468,87.501579,21.973269
157469,87.489105,21.976498
157470,87.476646,21.979729
157471,87.464172,21.982971
157472,87.451714,21.986204
157473,87.439240,21.989443
157474,87.426781,21.992680
157475,87.414307,21.995913
157476,87.401840,21.999147
157477,87.389374,22.002384
157478,87.376900,22.005619
157479,87.364449,22.008860
157480,87.351967,22.012094
157481,87.339516,22.015322
157482,87.327034,22.018560
157483,87.314560,22.021795
157484,66.532845,32.863518
157485,66.540855,32.861748
157486,66.548836,32.859970
157487,66.556824,32.858185
157488,66.564827,32.856422
157489,66.572823,32.854630
157490,66.580811,32.852859
157491,66.588821,32.851078
157492,66.596863,32.849289
157493,66.604866,32.847507
157494,66.612831,32.845734
157495,66.620842,32.843956
157496,66.628822,32.842178
157497,66.636848,32.840378
157498,66.644836,32.838631
157499,66.652824,32.836845
157500,66.660835,32.835052
157501,66.668831,32.833275
157502,66.676826,32.831493
157503,66.684822,32.829712
157504,66.692848,32.827927
157505,66.700844,32.826149
157506,66.708832,32.824375
157507,66.716820,32.822601
157508,66.724876,32.820808
157509,66.732826,32.819023
157510,66.740837,32.817253
157511,66.748863,32.815453
157512,66.756851,32.813671
157513,66.764824,32.811920
157514,77.387886,26.988916
157515,77.396698,26.986334
157516,77.405518,26.983782
157517,77.414314,26.981226
157518,77.423119,26.978701
157519,77.431923,26.976145
157520,77.440712,26.973589
157521,77.449516,26.971033
157522,77.458321,26.968493
157523,77.467133,26.965902
157524,77.475967,26.963381
157525,77.484764,26.960806
157526,77.493584,26.958277
157527,77.502380,26.955729
157528,77.511177,26.953150
157529,77.519997,26.950594
157530,77.528816,26.948034
157531,77.537605,26.945490
157532,77.546432,26.942930
157533,77.555229,26.940386
157534,77.564003,26.937819
157535,77.572853,26.935266
157536,77.581627,26.932699
157537,77.590393,26.930170
157538,77.599220,26.927614
157539,77.608025,26.925055
157540,77.616837,26.922518
157541,77.625687,26.919943
157542,77.634460,26.917391
157543,77.643250,26.914839
157544,67.504425,28.008633
157545,67.513092,28.005838
157546,67.521690,28.003061
157547,67.530304,28.000269
157548,67.538933,27.997477
157549,67.547569,27.994673
157550,67.556183,27.991892
157551,67.564835,27.989080
157552,67.573441,27.986301
157553,67.582054,27.983505
157554,67.590691,27.980717
157555,67.599342,27.977921
157556,67.607933,27.975142
157557,67.615944,27.973373
157558,67.623924,27.971582
157559,67.631950,27.969814
157560,67.639961,27.968016
157561,67.647942,27.966240
157562,67.655968,27.964458
157563,67.663948,27.962683
157564,67.671944,27.960894
157565,67.679932,27.959126
157566,67.687958,27.957340
157567,67.695953,27.955564
157568,67.703964,27.953764
157569,67.711937,27.952009
157570,67.719978,27.950222
157571,67.727928,27.948454
157572,67.735970,27.946661
157573,67.743950,27.944883
157574,74.120926,45.601429
157575,74.128746,45.599712
157576,74.136589,45.598011
157577,74.144409,45.596283
157578,74.152229,45.594589
157579,74.160042,45.592869
157580,74.167900,45.591148
157581,74.175743,45.589447
157582,74.183586,45.587727
157583,74.191368,45.586006
157584,74.199226,45.584297
157585,74.207039,45.582573
157586,74.214859,45.580868
157587,74.222702,45.579163
157588,74.230568,45.577427
157589,74.238358,45.575733
157590,74.246193,45.574013
157591,74.254036,45.572289
157592,74.261841,45.570557
157593,74.269707,45.568855
157594,74.277527,45.567158
157595,74.285316,45.565437
157596,74.293205,45.563705
157597,74.300987,45.561996
157598,74.308846,45.560310
157599,74.316643,45.558586
157600,74.324516,45.556850
157601,74.332359,45.555145
157602,74.340157,45.553432
157603,74.347984,45.551720
157604,79.618370,18.878771
157605,79.593117,18.885260
157606,79.567848,18.891747
157607,79.542610,18.898237
157608,79.517349,18.904722
157609,79.492104,18.911211
157610,79.466835,18.917694
157611,79.441597,18.924187
157612,79.416359,18.930672
157613,79.391098,18.937157
157614,79.365837,18.943647
157615,79.340599,18.950136
157616,79.315331,18.956617
157617,79.290092,18.963110
157618,79.264824,18.969593
157619,79.239586,18.976084
157620,79.214333,18.982569
157621,79.189079,18.989058
157622,79.163826,18.995550
157623,79.138573,19.002033
157624,79.113319,19.008518
157625,79.088074,19.015013
157626,79.062820,19.021498
157627,79.037560,19.027983
157628,79.012321,19.034470
157629,78.987061,19.040955
157630,78.961815,19.047445
157631,78.936562,19.053934
157632,78.911316,19.060421
157633,78.886063,19.066904
