id,x,y
12350,88.324609,34.258240
12351,88.599693,34.193507
12352,88.887637,34.124742
12353,89.186492,34.049771
12354,89.496189,33.974610
12355,89.815102,33.896076
12356,90.146559,33.814917
12357,90.488425,33.727785
12358,90.841104,33.636284
12359,91.203937,33.541925
12360,91.577074,33.446959
12361,85.681156,38.415194
12362,85.703355,38.988511
12363,85.727510,39.574270
12364,85.752516,40.169451
12365,85.775626,40.774081
12366,85.799092,41.387890
12367,85.825496,42.011884
12368,85.853364,42.643599
12369,85.881751,43.284469
12370,85.908791,43.935530
12371,85.935946,44.597701
12372,92.635396,39.709325
12373,92.296190,40.408391
12374,91.959131,41.116913
12375,91.625593,41.834908
12376,91.298792,42.562336
12377,90.976685,43.298776
12378,90.657843,44.043794
12379,90.342436,44.797306
12380,90.033974,45.560078
12381,89.730936,46.331668
12382,89.433359,47.111907
12383,64.633047,12.175806
12384,64.323675,12.278210
12385,64.003069,12.385944
12386,63.671708,12.497580
12387,63.331599,12.613297
12388,62.982325,12.734095
12389,62.623328,12.861872
12390,62.254119,12.992539
12391,61.875572,13.126924
12392,61.486679,13.263886
12393,65.140345,12.696466
12394,64.771113,12.805027
12395,64.386466,12.922476
12396,63.985952,13.049648
12397,63.573051,13.186461
12398,63.145214,13.332605
12399,62.706713,13.489081
12400,62.257618,13.656345
12401,61.799289,13.833698
12402,61.332930,14.020311
12403,38.793195,46.647730
12404,38.160472,46.969216
12405,37.515636,47.293131
12406,36.863899,47.619345
12407,36.205596,47.950290
12408,35.538785,48.284264
12409,34.865554,48.620576
12410,34.185473,48.960949
12411,33.495825,49.305295
12412,32.798450,49.650993
12413,32.093673,49.999288
12414,42.460887,38.326277
12415,42.545223,38.879625
12416,42.629678,39.442962
12417,42.716717,40.017361
12418,42.806536,40.600629
12419,42.898410,41.194186
12420,42.990765,41.799425
12421,43.084139,42.413228
12422,43.178861,43.035007
12423,43.274917,43.667805
12424,43.372113,44.308156
12425,45.844044,38.599301
12426,45.715997,39.168212
12427,45.588464,39.750368
12428,45.464945,40.348682
12429,45.343041,40.961671
12430,45.224972,41.584698
12431,45.108995,42.218254
12432,44.995857,42.863298
12433,44.886008,43.519261
12434,44.777509,44.184221
12435,44.673683,44.860862
12436,24.785849,37.834969
12437,24.817036,37.988464
12438,24.853217,38.152387
12439,24.894942,38.327070
12440,24.937786,38.513290
12441,24.983529,38.711026
12442,25.032753,38.919211
12443,25.084633,39.139446
12444,25.140951,39.368267
12445,25.200013,39.608030
12446,25.259370,39.857798
12447,25.322311,40.121817
12448,25.387560,40.396106
12449,25.457895,40.679647
12450,25.533451,40.973862
12451,25.614024,41.277911
12452,25.698311,41.590170
12453,25.785015,41.914843
12454,11.876396,37.886159
12455,11.671401,38.293948
12456,11.465414,38.710644
12457,11.259532,39.138109
12458,11.051987,39.577329
12459,10.843588,40.027423
12460,10.633845,40.486813
12461,10.423043,40.954966
12462,10.209853,41.434873
12463,9.995890,41.927577
12464,9.782669,42.430091
12465,9.568011,42.940098
12466,9.351976,43.459826
12467,9.135496,43.990826
12468,8.919324,44.531885
12469,8.702601,45.082654
12470,8.485073,45.645200
12471,8.267753,46.219748
12472,20.563111,42.227303
12473,20.176775,42.397137
12474,19.781087,42.570740
12475,19.375823,42.749345
12476,18.963047,42.931807
12477,18.540726,43.116124
12478,18.112001,43.305697
12479,17.673032,43.498205
12480,17.227552,43.694116
12481,16.775809,43.894505
12482,16.313696,44.099105
12483,15.840139,44.306950
12484,15.356522,44.520721
12485,14.866245,44.738574
12486,14.369949,44.957791
12487,13.866836,45.179715
12488,13.353487,45.403478
12489,12.831400,45.630107
12490,19.435082,44.760086
12491,18.779258,45.058086
12492,18.118962,45.364939
12493,17.459770,45.680588
12494,16.802649,46.005547
12495,16.144889,46.336310
12496,15.484288,46.673280
12497,14.820545,47.017216
12498,14.156701,47.367250
12499,13.492583,47.727414
12500,12.825433,48.097525
12501,12.156540,48.475283
12502,11.485571,48.862884
12503,10.809969,49.254705
12504,10.130881,49.653757
12505,9.451155,50.060016
12506,8.767181,50.465222
12507,8.079710,50.870127
12508,48.310253,37.665375
12509,48.946647,37.576791
12510,49.589212,37.485811
12511,50.238539,37.392880
12512,50.894769,37.297966
12513,51.561407,37.200790
12514,52.236447,37.100861
12515,52.921210,36.999509
12516,53.612386,36.892960
12517,54.310809,36.785351
12518,55.015757,36.673906
12519,55.726786,36.559877
12520,56.443740,36.442205
12521,57.167790,36.320148
12522,57.898381,36.196797
12523,58.635861,36.073331
12524,59.380146,35.946369
12525,60.131410,35.815069
12526,60.887742,35.682295
12527,61.650554,35.546638
12528,62.419953,35.410772
12529,63.196442,35.271326
12530,63.979783,35.131617
12531,64.769419,34.993113
12532,65.562916,34.855824
12533,66.360661,34.719638
12534,67.162750,34.582862
12535,67.969724,34.445229
12536,68.781019,34.305404
12537,50.584448,28.382765
12538,50.976560,28.252537
12539,51.379749,28.116453
12540,51.793960,27.975688
12541,52.219831,27.833762
12542,52.654304,27.687838
12543,53.097711,27.535968
12544,53.551650,27.379968
12545,54.013700,27.221065
12546,54.484272,27.058159
12547,54.965303,26.891713
12548,55.454957,26.724771
12549,55.952176,26.556141
12550,56.457166,26.383252
12551,56.970363,26.206834
12552,57.493961,26.026095
12553,58.028157,25.838505
12554,58.571280,25.647726
12555,59.122261,25.454929
12556,59.682837,25.260179
12557,60.251884,25.061180
12558,60.831793,24.858137
12559,61.416064,24.651710
12560,62.007545,24.444076
12561,62.607640,24.233630
12562,63.214607,24.020218
12563,63.829307,23.801347
12564,64.450697,23.577642
12565,65.080465,23.353105
12566,40.841218,25.288063
12567,41.278768,24.933327
12568,41.726849,24.576136
12569,42.183432,24.213772
12570,42.647269,23.846713
12571,43.119000,23.474771
12572,43.599245,23.101545
12573,44.087005,22.724856
12574,44.582930,22.344278
12575,45.084085,21.958826
12576,45.592972,21.568437
12577,46.108702,21.173114
12578,46.632218,20.774150
12579,47.161984,20.370778
12580,47.696994,19.962367
12581,48.239130,19.549781
12582,48.787411,19.132559
12583,49.339237,18.708156
12584,49.898809,18.281805
12585,50.466523,17.853876
12586,51.040150,17.419539
12587,51.620060,16.980709
12588,52.206901,16.539086
12589,52.799660,16.094052
12590,53.397671,15.645036
12591,54.000917,15.197818
12592,54.609131,14.746177
12593,55.222184,14.290641
12594,55.839554,13.828727
12595,50.407176,18.147314
12596,51.152750,18.354656
12597,51.904473,18.565251
12598,52.661950,18.779486
12599,53.423793,18.996253
12600,54.189911,19.220343
12601,54.962078,19.450644
12602,55.739249,19.684887
12603,56.520745,19.922916
12604,57.307402,20.167125
12605,58.098847,20.417635
12606,58.893483,20.673386
12607,59.689032,20.935519
12608,60.487192,21.201889
12609,61.289083,21.473065
12610,62.091211,21.754455
12611,62.896461,22.040161
12612,63.705547,22.329612
12613,64.517046,22.626342
12614,65.333201,22.926718
12615,66.152719,23.231040
12616,66.975941,23.541021
12617,67.802375,23.855682
12618,68.632734,24.174571
12619,69.466486,24.495503
12620,70.305475,24.823527
12621,71.147342,25.156192
12622,71.993228,25.492406
12623,72.844136,25.834164
12624,49.036275,20.549650
12625,49.993988,20.638096
12626,50.954457,20.731415
12627,51.919602,20.824966
12628,52.887480,20.924017
12629,53.857269,21.023337
12630,54.829443,21.127009
12631,55.802581,21.236709
12632,56.774985,21.352076
12633,57.749903,21.469667
12634,58.725204,21.592038
12635,59.700764,21.717568
12636,60.675976,21.844155
12637,61.651406,21.971728
12638,62.627064,22.101115
12639,63.602469,22.230190
12640,64.577057,22.361612
12641,65.551662,22.492085
12642,66.527136,22.623071
12643,67.502030,22.754176
12644,68.475879,22.887627
12645,69.448182,23.023766
12646,70.419513,23.163173
12647,71.389916,23.305595
12648,72.358132,23.450416
12649,73.325683,23.595993
12650,74.290064,23.746418
12651,75.253856,23.899921
12652,76.215832,24.055497
12653,51.346228,28.129717
12654,51.329090,28.771112
12655,51.313370,29.421490
12656,51.298339,30.082642
12657,51.285290,30.753305
12658,51.272306,31.431896
12659,51.259086,32.120579
12660,51.245002,32.819088
12661,10.088650,13.883139
12662,10.110892,14.046191
12663,10.134508,14.216380
12664,10.159004,14.398815
12665,10.185593,14.591984
12666,10.212953,14.797143
12667,7.816769,22.217760
12668,7.727629,21.943649
12669,7.633533,21.661897
12670,7.533470,21.365718
12671,7.428390,21.057532
12672,7.319853,20.734152
12673,12.985895,20.337541
12674,12.671870,20.170062
12675,12.329133,19.991765
12676,11.967604,19.802065
12677,11.592566,19.599013
12678,11.206616,19.384368
12679,45.193664,18.664437
12680,45.657348,18.535265
12681,46.130940,18.403978
12682,46.613571,18.271161
12683,47.106795,18.134838
12684,47.609200,17.995759
12685,48.120485,17.852670
12686,48.639148,17.707491
12687,49.167994,17.559651
12688,49.705929,17.409673
12689,50.249602,17.254889
12690,50.801102,17.099828
12691,51.361273,16.943699
12692,51.928370,16.785588
12693,47.248524,10.046315
12694,47.755010,9.660014
12695,48.267560,9.269409
12696,48.786197,8.874595
12697,49.309525,8.474202
12698,49.839046,8.072253
12699,50.373812,7.666217
12700,50.914471,7.256901
12701,51.461121,6.840053
12702,52.014704,6.420445
12703,52.573331,5.995396
12704,53.137132,5.566293
12705,53.707629,5.134094
12706,54.285251,4.697856
12707,59.151004,26.222372
12708,59.450775,26.089842
12709,59.760421,25.954914
12710,60.080362,25.814131
12711,60.411247,25.670822
12712,60.752542,25.521619
12713,61.102509,25.370277
12714,61.461387,25.213957
12715,61.829450,25.052486
12716,62.204195,24.890191
12717,62.587288,24.723841
12718,62.982558,24.552547
12719,63.387245,24.379106
12720,63.800223,24.201303
12721,46.759728,28.995831
12722,46.951406,29.233681
12723,47.146936,29.480402
12724,47.348775,29.735206
12725,47.556659,29.999356
12726,47.771537,30.272184
12727,47.992833,30.553612
12728,48.220167,30.844089
12729,48.453162,31.144162
12730,48.692504,31.456818
12731,48.936566,31.778082
12732,49.189660,32.107211
12733,49.446930,32.446469
12734,49.706028,32.791501
12735,50.996728,9.214523
12736,51.401340,9.078365
12737,51.813715,8.940527
12738,52.236154,8.799912
12739,52.667958,8.657404
12740,53.109971,8.512770
12741,53.557402,8.362918
12742,54.010256,8.208472
12743,54.472423,8.050423
12744,54.942134,7.888344
12745,55.422026,7.722993
12746,55.908608,7.554351
12747,56.403386,7.385508
12748,56.908790,7.212187
12749,47.775821,14.528539
12750,48.472108,14.439448
12751,49.172029,14.345093
12752,49.873566,14.241910
12753,50.577486,14.131522
12754,51.286434,14.015924
12755,51.997305,13.896487
12756,52.711947,13.773147
12757,53.429749,13.643025
12758,54.150448,13.506795
12759,54.874202,13.365375
12760,55.601836,13.216742
12761,56.331677,13.062389
12762,57.064296,12.903606
12763,42.635926,18.319171
12764,42.965140,18.216149
12765,43.308295,18.108134
12766,43.658781,17.996599
12767,44.019668,17.883521
12768,44.392213,17.766537
12769,44.775694,17.645046
12770,45.168761,17.519485
12771,45.570281,17.391112
12772,45.981817,17.259085
12773,46.402872,17.122956
12774,50.173575,13.061636
12775,50.365590,12.887337
12776,50.565776,12.706958
12777,50.774305,12.517317
12778,50.989574,12.319010
12779,51.213853,12.111674
12780,51.446301,11.897888
12781,51.689144,11.673119
12782,51.939416,11.440590
12783,52.196027,11.199706
12784,52.461570,10.952629
12785,44.800462,11.619375
12786,45.245141,11.193667
12787,45.689700,10.756614
12788,46.132958,10.307567
12789,46.576774,9.848632
12790,47.020665,9.380399
12791,47.465812,8.902062
12792,47.913363,8.416204
12793,48.360796,7.920973
12794,48.806634,7.417578
12795,49.252534,6.906080
12796,76.287541,13.404547
12797,75.866924,12.849081
12798,75.446962,12.283807
12799,75.026809,11.710385
12800,74.607266,11.127383
12801,74.187676,10.536572
12802,73.768126,9.935972
12803,73.352007,9.323566
12804,72.935608,8.702500
12805,72.520364,8.073419
12806,72.107837,7.434507
12807,71.697017,6.784244
12808,71.291240,6.123223
12809,70.885466,5.454556
12810,70.481722,4.777412
12811,70.079187,4.089878
12812,69.677856,3.396008
12813,69.279268,2.695394
12814,68.886051,1.989907
12815,74.616322,12.517389
12816,74.136648,11.924709
12817,73.660538,11.322922
12818,73.189740,10.712145
12819,72.723219,10.091252
12820,72.262566,9.458305
12821,71.805541,8.816504
12822,71.355071,8.163445
12823,70.910487,7.500920
12824,70.473715,6.827871
12825,70.040704,6.146748
12826,69.614467,5.456718
12827,69.194182,4.756699
12828,68.780137,4.047356
12829,68.372283,3.327494
12830,67.971075,2.598372
12831,67.577331,1.860827
12832,67.189756,1.122543
12833,66.809198,0.517595
12834,75.606612,17.569623
12835,75.134646,17.880829
12836,74.656220,18.195427
12837,74.171334,18.513197
12838,73.676259,18.835779
12839,73.175701,19.159770
12840,72.668204,19.487238
12841,72.155008,19.819063
12842,71.633241,20.151610
12843,71.102850,20.487131
12844,70.563837,20.828012
12845,76.536707,37.728657
12846,76.173694,37.871772
12847,75.800292,38.017353
12848,75.415266,38.168078
12849,75.022871,38.323295
12850,74.623114,38.482917
12851,74.217762,38.648918
12852,73.805347,38.817050
12853,73.383359,38.989446
12854,72.954032,39.166733
12855,72.517232,39.349538
12856,75.118866,19.003029
12857,74.730786,19.478590
12858,74.346379,19.964563
12859,73.968707,20.461661
12860,73.598807,20.972296
12861,73.231411,21.493356
12862,72.866522,22.025634
12863,72.505435,22.569122
12864,72.152106,23.124435
12865,71.802108,23.690339
12866,71.453242,24.267704
12867,30.323853,17.231128
12868,29.818642,17.110269
12869,29.304637,16.986656
12870,28.783318,16.861304
12871,28.253566,16.732883
12872,27.715558,16.602186
12873,27.169745,16.468867
12874,26.614342,16.331946
12875,26.052143,16.189400
12876,25.481961,16.044862
12877,24.906670,15.897376
12878,24.322306,15.750934
12879,23.730763,15.604012
12880,23.128526,15.457471
12881,22.517112,15.308709
12882,21.896774,15.160157
12883,21.270132,15.007542
12884,20.638315,14.850562
12885,19.997947,14.693821
12886,19.351508,14.536113
12887,18.698560,14.376935
12888,18.039175,14.213154
12889,17.371507,14.044722
12890,16.698760,13.870833
12891,48.209093,17.123412
12892,48.025563,16.616212
12893,47.841521,16.100175
12894,47.656050,15.573229
12895,47.469278,15.037231
12896,47.281813,14.493653
12897,47.093110,13.938894
12898,46.900000,13.375181
12899,46.707756,12.799366
12900,46.516066,12.210798
12901,46.324427,11.610920
12902,46.130470,10.997236
12903,45.939344,10.372715
12904,45.748191,9.737826
12905,45.560229,9.093736
12906,45.370931,8.440797
12907,45.182503,7.778733
12908,44.995629,7.104715
12909,44.809158,6.420414
12910,44.625008,5.727294
12911,44.442333,5.025181
12912,44.260179,4.313307
12913,44.077385,3.590626
12914,43.895967,2.869813
12915,43.733305,10.964325
12916,43.178637,10.676749
12917,42.617566,10.385714
12918,42.047802,10.093848
12919,41.469290,9.796514
12920,40.883316,9.497033
12921,40.289513,9.195132
12922,39.687432,8.892203
12923,39.079062,8.585992
12924,38.463409,8.275453
12925,37.838210,7.965349
12926,37.206034,7.654121
12927,36.566607,7.337540
12928,35.918183,7.019109
12929,35.264000,6.695938
12930,34.603558,6.371693
12931,33.937223,6.046371
12932,33.265706,5.716937
12933,32.588022,5.384514
12934,31.902618,5.046743
12935,31.210239,4.706484
12936,30.513586,4.363831
12937,29.809826,4.023554
12938,29.100185,3.683561
12939,43.248164,24.486684
12940,42.550278,24.597106
12941,41.843684,24.707435
12942,41.129602,24.820488
12943,40.409034,24.939350
12944,39.680374,25.059925
12945,38.945440,25.182762
12946,38.200838,25.305977
12947,37.451077,25.433204
12948,36.693635,25.562577
12949,35.928332,25.694046
12950,35.154443,25.827196
12951,34.375770,25.965566
12952,33.591797,26.109407
12953,32.803671,26.256749
12954,32.011680,26.406874
12955,31.215185,26.560293
12956,30.415376,26.718487
12957,29.609919,26.877868
12958,28.800654,27.041326
12959,27.986273,27.208318
12960,27.166234,27.379136
12961,26.343050,27.556489
12962,25.516909,27.737838
12963,39.461211,14.529970
12964,38.671447,14.197497
12965,37.881173,13.853001
12966,37.089481,13.500644
12967,36.292927,13.142710
12968,35.494094,12.776923
12969,34.692459,12.403445
12970,33.887432,12.022506
12971,33.078028,11.634900
12972,32.265573,11.241319
12973,31.451134,10.839028
12974,30.634251,10.428243
12975,29.813735,10.012205
12976,28.989661,9.589315
12977,28.161780,9.159260
12978,27.331260,8.721181
12979,26.497096,8.276903
12980,25.659829,7.823408
12981,24.817389,7.364845
12982,23.972405,6.898692
12983,23.125434,6.424133
12984,22.275954,5.942326
12985,21.423229,5.455506
12986,20.567287,4.968390
12987,49.620265,35.176487
12988,49.663067,35.672147
12989,49.710883,36.180010
12990,49.761880,36.696615
12991,49.815303,37.222209
12992,49.870715,37.759223
12993,49.929380,38.303112
12994,49.988693,38.854900
12995,50.052003,39.416723
12996,46.804573,37.681707
12997,46.409054,37.573609
12998,46.003793,37.461593
12999,45.589363,37.348287
13000,45.166401,37.232522
13001,44.733532,37.114885
13002,44.291974,36.989637
13003,43.843343,36.860345
13004,43.385630,36.727737
13005,47.948303,37.001820
13006,47.308570,36.928464
13007,46.667272,36.846665
13008,46.024131,36.757409
13009,45.377334,36.658105
13010,44.726602,36.554188
13011,44.071778,36.444739
13012,43.414205,36.327102
13013,42.750909,36.199648
13014,33.433736,36.443625
13015,33.136458,36.631861
13016,32.827585,36.823304
13017,32.507744,37.018137
13018,32.178913,37.216074
13019,31.841710,37.417435
13020,31.491954,37.620658
13021,31.132189,37.828811
13022,30.763683,38.039649
13023,30.387597,38.252125
13024,30.001403,38.467303
13025,29.602772,38.687521
13026,29.196405,38.915218
13027,28.781685,39.147561
13028,28.359742,39.383536
13029,36.102455,46.563425
13030,35.920755,46.995528
13031,35.737701,47.437033
13032,35.550903,47.890969
13033,35.361325,48.356128
13034,35.169410,48.831237
13035,34.976169,49.314800
13036,34.781022,49.808812
13037,34.582860,50.314428
13038,34.384671,50.825640
13039,34.188462,51.349186
13040,33.989986,51.881681
13041,33.792639,52.403767
13042,33.597132,52.815553
13043,33.402903,53.081012
13044,19.050874,31.745057
13045,18.758408,32.130569
13046,18.463576,32.526353
13047,18.164137,32.933717
13048,17.863314,33.348731
13049,17.558936,33.774082
13050,17.252069,34.208922
13051,16.942702,34.652970
13052,16.633292,35.107215
13053,16.320503,35.570764
13054,16.009103,36.046631
13055,15.694536,36.532195
13056,15.379448,37.026894
13057,15.064763,37.532810
13058,14.748346,38.049453
13059,26.985489,40.868972
13060,26.343068,40.736852
13061,25.691869,40.601264
13062,25.033019,40.461689
13063,24.367158,40.321168
13064,23.693199,40.179696
13065,23.012716,40.034673
13066,22.328194,39.882042
13067,21.636264,39.728710
13068,20.938230,39.572481
13069,20.231517,39.414384
13070,19.517486,39.252276
13071,18.795291,39.089096
13072,18.067584,38.924280
13073,17.332391,38.755847
13074,29.081845,38.341613
13075,28.434344,38.686708
13076,27.782623,39.037726
13077,27.128935,39.394108
13078,26.478173,39.761033
13079,25.826201,40.133718
13080,25.172966,40.511212
13081,24.517758,40.896873
13082,23.859076,41.289194
13083,23.198477,41.687537
13084,22.537730,42.093580
13085,21.875869,42.502695
13086,21.211467,42.918298
13087,20.544541,43.337257
13088,19.875126,43.761003
13089,27.357520,40.585791
13090,26.964588,40.419208
13091,26.563564,40.249202
13092,26.154218,40.073479
13093,25.735844,39.892018
13094,25.306478,39.706002
13095,24.867810,39.517548
13096,24.422310,39.327305
13097,24.532905,35.322749
13098,24.274422,35.303499
13099,24.002153,35.282598
13100,23.720091,35.263014
13101,23.429606,35.240137
13102,23.128566,35.214399
13103,22.818360,35.186837
13104,22.501672,35.157645
13105,20.856778,34.173812
13106,20.773530,34.136998
13107,20.662722,34.092360
13108,20.526711,34.040954
13109,20.366271,33.980848
13110,20.179860,33.910943
13111,19.967182,33.833442
13112,19.730641,33.746133
13113,56.268735,14.176728
13114,56.127662,13.553721
13115,55.986990,12.922099
13116,55.847292,12.281166
13117,55.708255,11.629484
13118,55.569924,10.969685
13119,55.433408,10.297105
13120,55.300351,9.616068
13121,55.166837,8.926982
13122,57.333613,13.915160
13123,57.030244,14.472146
13124,56.726957,15.038246
13125,56.428986,15.615396
13126,56.133753,16.203947
13127,55.839011,16.802086
13128,55.545512,17.409782
13129,55.251674,18.028683
13130,54.958823,18.658541
13131,58.006035,14.477439
13132,57.716287,15.053716
13133,57.427320,15.637173
13134,57.141058,16.231344
13135,56.857396,16.833804
13136,56.577903,17.445746
13137,56.302954,18.068875
13138,56.030425,18.702737
13139,55.762221,19.344872
13140,23.437195,15.115644
13141,23.282778,14.642087
13142,23.126028,14.159115
13143,22.968306,13.667571
13144,22.810384,13.165789
13145,22.649793,12.654075
13146,22.488474,12.131135
13147,22.324155,11.598045
13148,22.158690,11.053487
13149,16.892936,13.881539
13150,16.646511,13.849965
13151,16.390698,13.816060
13152,16.123778,13.780280
13153,15.844326,13.742181
13154,15.552497,13.704080
13155,15.249172,13.661867
13156,14.935352,13.617161
13157,14.610221,13.569636
13158,27.995147,12.818529
13159,27.785805,12.155642
13160,27.581774,11.483207
13161,27.382334,10.799344
13162,27.190269,10.103002
13163,27.002633,9.395748
13164,26.821683,8.677718
13165,26.644025,7.949624
13166,26.470452,7.211260
13167,49.811204,25.850644
13168,49.898851,25.541648
13169,49.989105,25.219254
13170,50.084553,24.883155
13171,50.184632,24.533854
13172,50.287092,24.173225
13173,50.391479,23.800532
13174,50.497697,23.418915
13175,50.606898,23.025612
13176,50.720514,22.620132
13177,50.839813,22.203683
13178,59.901845,42.173643
13179,59.770707,42.539284
13180,59.632378,42.913531
13181,59.490737,43.298163
13182,59.345342,43.690999
13183,59.195949,44.095690
13184,59.040787,44.509583
13185,58.881711,44.933075
13186,58.721163,45.368849
13187,58.555543,45.817424
13188,58.386684,46.275902
13189,69.113635,26.239127
13190,69.695559,26.043635
13191,70.284553,25.842025
13192,70.880351,25.639762
13193,71.481640,25.431690
13194,72.091840,25.222674
13195,72.711848,25.013078
13196,73.338056,24.799909
13197,73.970290,24.583611
13198,74.609918,24.367218
13199,75.256843,24.148072
13200,50.932066,37.725174
13201,51.217264,37.409600
13202,51.505740,37.086714
13203,51.797691,36.755554
13204,52.095169,36.417417
13205,52.399842,36.074381
13206,52.706030,35.722903
13207,53.017075,35.362642
13208,53.332550,34.994145
13209,53.652078,34.620067
13210,53.972294,34.236398
13211,53.482130,23.116348
13212,53.708383,23.514727
13213,53.938149,23.920718
13214,54.169635,24.336128
13215,54.405912,24.757627
13216,54.646923,25.187590
13217,54.889151,25.628690
13218,55.132019,26.078140
13219,55.375156,26.534780
13220,55.624129,26.998384
13221,55.877474,27.471526
13222,57.726133,25.454136
13223,57.772132,26.176179
13224,57.816555,26.907497
13225,57.861087,27.647277
13226,57.903634,28.396107
13227,57.942753,29.155554
13228,57.977079,29.924419
13229,58.009952,30.701944
13230,58.045557,31.487557
13231,58.080114,32.282208
13232,58.112848,33.086032
13233,72.653811,20.493822
13234,72.481816,20.818177
13235,72.306885,21.153552
13236,72.128639,21.500524
13237,71.947662,21.855866
13238,71.764268,22.222122
13239,71.577413,22.602675
13240,71.386645,22.993214
13241,67.865463,12.801447
13242,67.940930,13.259620
13243,68.014923,13.734810
13244,68.087314,14.226075
13245,68.157015,14.733698
13246,68.227934,15.255122
13247,68.298738,15.792060
13248,68.368169,16.344405
13249,71.360530,20.103223
13250,71.660225,20.030151
13251,71.970113,19.953836
13252,72.288036,19.873260
13253,72.617881,19.787992
13254,72.959569,19.696777
13255,73.311297,19.601697
13256,73.673434,19.501907
13257,74.045847,19.398085
13258,74.426958,19.290475
13259,74.815922,19.179578
13260,70.499809,25.662852
13261,70.832660,25.612987
13262,71.178743,25.559882
13263,71.535919,25.503650
13264,71.904411,25.441630
13265,72.283397,25.375561
13266,72.671646,25.304956
13267,73.069965,25.230897
13268,73.479255,25.154212
13269,73.895553,25.074395
13270,74.317850,24.991781
13271,71.674986,9.868688
13272,72.107842,9.980151
13273,72.552771,10.093759
13274,73.004906,10.213461
13275,73.463992,10.336696
13276,73.931601,10.465643
13277,74.407199,10.599549
13278,74.889914,10.735942
13279,75.380258,10.873596
13280,75.878494,11.013206
13281,76.383250,11.155693
13282,78.769322,16.016302
13283,79.136585,16.216383
13284,79.511753,16.421521
13285,79.897168,16.632237
13286,80.291096,16.846043
13287,80.692795,17.063880
13288,81.103307,17.285105
13289,81.522404,17.511748
13290,81.951860,17.740673
13291,82.389428,17.973235
13292,82.835582,18.207134
13293,70.200470,14.293303
13294,70.563048,14.349672
13295,70.943482,14.415770
13296,71.339515,14.492584
13297,71.750709,14.578514
13298,72.173148,14.673339
13299,72.611043,14.774857
13300,73.062869,14.882646
13301,73.524974,14.999500
13302,73.992342,15.124918
13303,74.468982,15.259704
13304,68.903253,20.235111
13305,69.028030,20.321959
13306,69.161679,20.412659
13307,69.304184,20.509637
13308,69.456278,20.609299
13309,69.617238,20.714674
13310,69.788992,20.823757
13311,69.970241,20.936869
13312,70.161133,21.055565
13313,70.361094,21.181694
13314,67.439516,14.576492
13315,67.848601,14.489474
13316,68.266377,14.402041
13317,68.692591,14.311022
13318,69.128133,14.217635
13319,69.571817,14.122600
13320,70.023840,14.023960
13321,70.485102,13.925521
13322,70.956724,13.823556
13323,71.437589,13.718884
13324,63.375024,20.290717
13325,63.462758,19.599601
13326,63.546613,18.900648
13327,63.626558,18.191646
13328,63.704751,17.475407
13329,63.777954,16.746453
13330,63.846582,16.006944
13331,63.912100,15.256746
13332,63.976517,14.496486
13333,64.038227,13.726204
13334,79.351546,13.675921
13335,79.237335,13.153051
13336,79.121128,12.617574
13337,79.002796,12.070988
13338,78.885872,11.514567
13339,78.768087,10.946517
13340,78.649523,10.367039
13341,78.528926,9.778317
13342,78.409264,9.179577
13343,78.291108,8.569244
13344,75.321846,19.646056
13345,75.475626,19.391996
13346,75.635909,19.126709
13347,75.799155,18.850072
13348,75.968183,18.561571
13349,76.142328,18.259594
13350,76.321624,17.943530
13351,76.505521,17.617452
13352,76.695837,17.282448
13353,76.888482,16.937564
13354,71.533548,10.641910
13355,72.022635,10.263636
13356,72.514183,9.874695
13357,73.010488,9.480640
13358,73.510184,9.077857
13359,74.010506,8.666065
13360,74.512148,8.247130
13361,75.015209,7.820477
13362,75.519241,7.382932
13363,76.021343,6.935542
13364,100.085827,20.572629
13365,100.343217,20.085502
13366,100.602187,19.584668
13367,100.862576,19.075042
13368,101.124522,18.555876
13369,101.385963,18.026153
13370,101.644730,17.486872
13371,97.132683,30.280145
13372,97.199112,29.753031
13373,97.267654,29.215887
13374,97.337993,28.668571
13375,97.407875,28.108558
13376,97.476906,27.538119
13377,97.549256,26.956639
13378,94.952754,30.012794
13379,95.151538,29.317085
13380,95.346540,28.611008
13381,95.538263,27.894348
13382,95.725203,27.166683
13383,95.908204,26.428331
13384,96.085137,25.676434
13385,111.983185,30.965147
13386,112.101683,31.190409
13387,112.223213,31.427881
13388,112.348592,31.676993
13389,112.481198,31.938195
13390,112.616533,32.211162
13391,112.754438,32.495434
13392,112.897927,32.792513
13393,113.046104,33.102249
13394,113.198326,33.425611
13395,109.740456,33.800419
13396,110.122570,34.358915
13397,110.503178,34.924897
13398,110.879754,35.501743
13399,111.255830,36.085880
13400,111.628538,36.678517
13401,112.000172,37.280624
13402,112.369292,37.892711
13403,112.738092,38.513169
13404,113.105963,39.142721
13405,104.564618,38.340326
13406,104.591569,38.761089
13407,104.619268,39.191236
13408,104.646548,39.631780
13409,104.676220,40.079701
13410,104.709936,40.535298
13411,104.743783,41.003369
13412,104.780062,41.482049
13413,104.814173,41.968312
13414,104.847462,42.465225
13415,104.236184,38.855684
13416,104.362626,39.252510
13417,104.489947,39.666887
13418,104.615148,40.099415
13419,104.739869,40.549770
13420,104.866732,41.018571
13421,104.992841,41.502025
13422,105.119168,41.999187
13423,105.243071,42.511340
13424,105.362673,43.040632
13425,85.247354,21.861082
13426,84.918188,22.175217
13427,84.583557,22.495704
13428,84.240933,22.822755
13429,83.892438,23.154972
13430,83.539162,23.491601
13431,83.179163,23.835452
13432,79.774880,29.254561
13433,79.449378,29.372604
13434,79.112897,29.494905
13435,78.766722,29.620862
13436,78.408657,29.750719
13437,78.042914,29.884479
13438,77.667413,30.022684
13439,85.405923,27.025219
13440,85.053999,26.868911
13441,84.685204,26.700964
13442,84.302319,26.521214
13443,83.904993,26.329408
13444,83.499255,26.123537
13445,83.082708,25.905467
13446,67.082482,13.546108
13447,66.810989,13.130524
13448,66.537372,12.705256
13449,66.262551,12.267985
13450,65.987952,11.821111
13451,65.712397,11.362594
13452,65.436131,10.891769
13453,65.158387,10.409954
13454,64.878694,9.918341
13455,64.597150,9.417087
13456,64.313616,8.906761
13457,64.024153,8.388295
13458,63.734873,7.857184
13459,63.444161,7.314822
13460,63.152877,6.763372
13461,62.861096,6.203699
13462,65.164146,22.990491
13463,65.124019,22.599273
13464,65.080788,22.198578
13465,65.035384,21.783051
13466,64.989214,21.358716
13467,64.942396,20.925757
13468,64.897696,20.480434
13469,64.851334,20.025581
13470,64.805166,19.560930
13471,64.758861,19.088645
13472,64.715001,18.604185
13473,64.671507,18.109943
13474,64.625854,17.605172
13475,64.581878,17.088839
13476,64.537929,16.564019
13477,64.493784,16.028790
13478,75.796435,12.408913
13479,76.203031,12.652391
13480,76.619035,12.899604
13481,77.042383,13.151152
13482,77.472574,13.405491
13483,77.910483,13.663680
13484,78.356045,13.925169
13485,78.810262,14.188265
13486,79.273865,14.453619
13487,79.745713,14.721607
13488,80.226845,14.992609
13489,80.716319,15.267414
13490,81.214286,15.542600
13491,81.718192,15.823864
13492,82.231130,16.107164
13493,82.751060,16.392912
13494,52.500929,20.166283
13495,52.782911,19.699542
13496,53.063615,19.215007
13497,53.348345,18.715820
13498,53.631696,18.202334
13499,53.913384,17.674262
13500,54.192418,17.133003
13501,54.471963,16.578099
13502,54.749784,16.013024
13503,55.020185,15.435250
13504,55.286310,14.846811
13505,55.550100,14.248384
13506,55.811038,13.639002
13507,56.069353,13.020908
13508,56.325209,12.394436
13509,56.574732,11.756510
13510,66.987458,13.401883
13511,67.364920,13.448402
13512,67.752210,13.499068
13513,68.149286,13.553513
13514,68.556882,13.611707
13515,68.973694,13.671561
13516,69.399296,13.736898
13517,69.834546,13.808142
13518,70.276914,13.880830
13519,70.729145,13.957147
13520,71.192035,14.035444
13521,71.659790,14.115471
13522,71.005931,2.437701
13523,71.371195,2.220908
13524,71.745882,1.999050
13525,72.128830,1.775402
13526,72.519367,1.548111
13527,72.920545,1.316188
13528,73.328333,1.081720
13529,73.745682,0.844853
13530,74.171804,0.616075
13531,74.606794,0.413247
13532,75.050133,0.256190
13533,75.501288,0.155922
13534,69.801190,1.893697
13535,69.961861,1.614902
13536,70.131080,1.317840
13537,70.305773,1.001622
13538,70.488049,0.666458
13539,70.678021,0.337101
13540,70.870775,0.136483
13541,71.067091,0.060453
13542,71.266538,0.031503
13543,71.469376,0.013747
13544,71.670872,0.006164
13545,71.875886,0.002063
13546,77.707078,7.888817
13547,77.727382,7.755133
13548,77.749164,7.610647
13549,77.771652,7.455665
13550,77.797528,7.287703
13551,77.825812,7.108900
13552,77.860011,6.920910
13553,77.896672,6.720524
13554,77.935982,6.506955
13555,75.263238,17.046841
13556,75.349708,16.330341
13557,75.430447,15.604674
13558,75.508729,14.870285
13559,75.584114,14.124663
13560,75.657572,13.370366
13561,75.728469,12.605932
13562,75.797559,11.832119
13563,75.860262,11.046644
13564,62.877456,42.773446
13565,63.298226,42.799102
13566,63.727420,42.828202
13567,64.163128,42.861716
13568,64.608788,42.899274
13569,65.062028,42.936044
13570,65.523504,42.973141
13571,65.995656,43.010495
13572,66.478089,43.044953
13573,66.968801,43.081964
13574,67.469551,43.119780
13575,67.978960,43.156709
13576,68.494872,43.196241
13577,52.199870,37.410041
13578,52.355181,37.681362
13579,52.514336,37.963806
13580,52.679771,38.256242
13581,52.849455,38.560455
13582,53.023983,38.878712
13583,53.204462,39.209404
13584,53.388761,39.553361
13585,53.575356,39.907598
13586,53.764182,40.274890
13587,53.956590,40.655707
13588,54.151049,41.045942
13589,54.350551,41.448251
13590,60.515440,42.123530
13591,60.961437,42.419335
13592,61.414268,42.729219
13593,61.872424,43.051600
13594,62.337431,43.384751
13595,62.806807,43.729770
13596,63.280219,44.086534
13597,63.756269,44.455788
13598,64.238771,44.836737
13599,64.725852,45.225798
13600,65.211947,45.625563
13601,65.696814,46.037778
13602,66.185402,46.463051
13603,56.671344,43.166905
13604,56.782996,43.196802
13605,56.904240,43.228861
13606,57.034977,43.263162
13607,57.176230,43.303071
13608,57.326163,43.346096
13609,57.488696,43.392467
13610,57.660790,43.441859
13611,57.843709,43.492984
13612,58.036852,43.546114
13613,58.240063,43.602724
13614,53.889583,25.451345
13615,53.845559,25.229395
13616,53.796778,24.997433
13617,53.744054,24.756402
13618,53.687153,24.506808
13619,53.625943,24.244255
13620,53.560174,23.967980
13621,53.489567,23.679616
13622,53.416352,23.377990
13623,53.339756,23.064820
13624,53.260540,22.739032
13625,63.294396,24.926514
13626,63.765445,24.848926
13627,64.246498,24.767649
13628,64.738980,24.683165
13629,65.240594,24.595839
13630,65.753509,24.505066
13631,66.274063,24.410136
13632,66.805978,24.314431
13633,67.347878,24.217375
13634,67.898500,24.117724
13635,68.458320,24.015877
13636,65.522487,35.510343
13637,65.561397,35.792033
13638,65.604314,36.086511
13639,65.650608,36.394321
13640,65.700641,36.712352
13641,65.755743,37.044507
13642,65.813473,37.386184
13643,65.873173,37.740212
13644,65.933005,38.104567
13645,65.995776,38.479725
13646,66.061192,38.863720
13647,60.332561,31.786567
13648,60.593066,32.345198
13649,60.851447,32.915246
13650,61.104008,33.496606
13651,61.354611,34.085490
13652,61.604076,34.684075
13653,61.848796,35.293413
13654,62.089397,35.914201
13655,62.325550,36.544764
13656,62.558492,37.187443
13657,62.787798,37.839442
13658,87.355933,30.731433
13659,87.119616,30.231422
13660,86.881382,29.720808
13661,86.642627,29.200563
13662,86.404609,28.671372
13663,86.163732,28.133342
13664,85.922479,27.586539
13665,85.681102,27.029294
13666,85.439913,26.461880
13667,86.622342,41.601988
13668,86.383324,41.211465
13669,86.138501,40.811814
13670,85.891761,40.403060
13671,85.643389,39.983776
13672,85.390946,39.553396
13673,85.138555,39.111763
13674,84.882896,38.658785
13675,84.625923,38.195359
13676,87.029306,40.767017
13677,86.738828,40.307839
13678,86.447891,39.834147
13679,86.156333,39.345823
13680,85.866516,38.844038
13681,85.576755,38.330239
13682,85.289992,37.802545
13683,85.006974,37.261481
13684,84.727069,36.706593
13685,46.520779,41.157884
13686,46.913325,41.111617
13687,47.315347,41.063191
13688,47.728302,41.012629
13689,48.151222,40.955177
13690,48.583545,40.894110
13691,49.024550,40.831218
13692,49.474602,40.766226
13693,49.934731,40.700203
13694,50.404945,40.633961
13695,50.881012,40.565747
13696,36.279609,36.342990
13697,36.325662,36.578070
13698,36.374852,36.826629
13699,36.430595,37.086596
13700,36.490509,37.360572
13701,36.554447,37.647713
13702,36.623776,37.946903
13703,36.694667,38.256635
13704,36.766528,38.579296
13705,36.841751,38.913810
13706,36.917680,39.259954
13707,32.965293,41.543242
13708,32.590087,41.997121
13709,32.214384,42.459404
13710,31.837781,42.929940
13711,31.460993,43.409403
13712,31.082127,43.896341
13713,30.703184,44.392630
13714,30.327453,44.900462
13715,29.955697,45.419826
13716,29.583115,45.947894
13717,29.212882,46.486437
13718,40.603314,30.605694
13719,41.243668,30.375544
13720,41.894073,30.143765
13721,42.552666,29.907137
13722,43.219094,29.666737
13723,43.893316,29.425345
13724,44.575506,29.181705
13725,45.266044,28.938526
13726,45.962759,28.690413
13727,46.667000,28.437879
13728,47.377524,28.181430
13729,42.923590,40.188595
13730,43.588276,40.177443
13731,44.252558,40.163054
13732,44.916895,40.149356
13733,45.582391,40.134060
13734,46.251949,40.117542
13735,46.922039,40.101125
13736,47.593955,40.086083
13737,48.266819,40.069268
13738,48.942239,40.054684
13739,49.621815,40.039153
13740,46.956236,27.269213
13741,47.299388,26.559256
13742,47.638200,25.839297
13743,47.973169,25.111144
13744,48.304082,24.373726
13745,48.631550,23.627786
13746,48.953133,22.871115
13747,49.269430,22.106154
13748,49.580000,21.331957
13749,49.883980,20.548796
13750,50.182687,19.755884
13751,46.860472,36.695290
13752,46.969481,36.059824
13753,47.076876,35.415016
13754,47.184696,34.760603
13755,47.292936,34.097071
13756,47.397681,33.419986
13757,47.500979,32.729369
13758,47.604827,32.026883
13759,47.707011,31.313782
13760,47.805864,30.590722
13761,47.899681,29.854386
13762,43.022984,29.801616
13763,43.078944,29.952981
13764,43.138787,30.113444
13765,43.205140,30.283267
13766,43.276509,30.462453
13767,43.351448,30.653872
13768,43.432673,30.855498
13769,43.515777,31.067750
13770,43.605042,31.287171
13771,43.699363,31.517974
13772,43.798814,31.758677
13773,45.807091,33.802413
13774,46.069847,33.121873
13775,46.328703,32.429660
13776,46.583262,31.727085
13777,46.835890,31.014967
13778,47.082384,30.291047
13779,47.325785,29.555492
13780,47.564451,28.809116
13781,47.799685,28.052874
13782,48.027837,27.286725
13783,48.249922,26.511796
13784,71.486340,15.419363
13785,71.575480,15.124815
13786,71.671857,14.814757
13787,71.771202,14.494255
13788,71.874163,14.163134
13789,71.981374,13.820945
13790,72.093927,13.467195
13791,72.210643,13.106851
13792,69.801493,21.721519
13793,69.374006,21.519574
13794,68.938130,21.313295
13795,68.496128,21.101979
13796,68.047545,20.888923
13797,67.589666,20.671218
13798,67.121919,20.449150
13799,66.646230,20.223519
13800,71.781838,16.592431
13801,71.637462,16.983076
13802,71.488974,17.390837
13803,71.336742,17.817054
13804,71.180742,18.257976
13805,71.027552,18.717651
13806,70.874071,19.196658
13807,70.721802,19.693074
13808,60.156802,31.982256
13809,59.704255,32.175521
13810,59.244210,32.372590
13811,58.778501,32.571520
13812,58.304881,32.773147
13813,57.823157,32.978554
13814,57.331261,33.188749
13815,56.830226,33.401793
13816,56.322290,33.617367
13817,55.804728,33.832494
13818,55.278721,34.052846
13819,54.744887,34.276820
13820,54.205062,34.507467
13821,53.656761,34.742176
13822,53.099770,34.976771
13823,52.535756,35.214491
13824,51.964303,35.455231
13825,51.383933,35.698584
13826,50.797790,35.942688
13827,50.203280,36.189902
13828,48.653746,23.158217
13829,48.278507,22.991953
13830,47.895812,22.820707
13831,47.503782,22.645458
13832,47.104030,22.466196
13833,46.693060,22.282584
13834,46.271648,22.096763
13835,45.843426,21.908114
13836,45.405920,21.715913
13837,44.958769,21.522429
13838,44.504753,21.325289
13839,44.042536,21.123734
13840,43.571142,20.916346
13841,43.089966,20.707341
13842,42.599517,20.492662
13843,42.101764,20.275126
13844,41.597544,20.054391
13845,41.085364,19.831412
13846,40.565259,19.606271
13847,40.036944,19.377125
13848,61.160669,41.390360
13849,60.773347,41.910306
13850,60.389447,42.439184
13851,60.009542,42.978847
13852,59.631145,43.527974
13853,59.256003,44.088283
13854,58.880805,44.660290
13855,58.510428,45.242107
13856,58.143954,45.832463
13857,57.780106,46.434236
13858,57.417099,47.044992
13859,57.054492,47.664388
13860,56.692226,48.293317
13861,56.330741,48.932213
13862,55.971083,49.580166
13863,55.614076,50.236624
13864,55.256421,50.899893
13865,54.900651,51.558539
13866,54.547400,52.167605
13867,54.199382,52.658044
13868,55.541270,28.562712
13869,54.934244,28.727171
13870,54.320583,28.893395
13871,53.699395,29.062164
13872,53.069762,29.232871
13873,52.431751,29.407072
13874,51.785668,29.583554
13875,51.131311,29.763173
13876,50.468194,29.946854
13877,49.798120,30.134136
13878,49.118373,30.323115
13879,48.429864,30.513910
13880,47.735849,30.709982
13881,47.033702,30.910049
13882,46.324257,31.112369
13883,45.608733,31.318164
13884,44.887418,31.526927
13885,44.156264,31.739031
13886,43.416655,31.950753
13887,42.670801,32.165495
13888,50.127116,38.311702
13889,49.498216,38.202773
13890,48.860846,38.093482
13891,48.215407,37.984822
13892,47.560136,37.872955
13893,46.898558,37.759445
13894,46.229891,37.644306
13895,45.555123,37.526831
13896,44.872521,37.407120
13897,44.182773,37.281993
13898,43.488200,37.152634
13899,42.786156,37.021873
13900,42.077113,36.887579
13901,41.361920,36.750311
13902,40.641428,36.611097
13903,39.914490,36.469606
13904,39.182487,36.326267
13905,38.444006,36.180965
13906,37.698542,36.030682
13907,36.949403,35.879229
13908,58.025253,32.696903
13909,57.360547,32.929097
13910,56.693347,33.169647
13911,56.024378,33.420862
13912,55.356156,33.678882
13913,54.685849,33.946648
13914,54.016227,34.225480
13915,53.342088,34.508972
13916,52.666066,34.800858
13917,51.990537,35.101576
13918,51.311755,35.410309
13919,50.632310,35.725224
13920,49.948661,36.043494
13921,49.261780,36.364732
13922,48.570870,36.693329
13923,47.875830,37.025385
13924,47.178398,37.363790
13925,46.478149,37.711372
13926,45.777100,38.065478
13927,45.074033,38.424387
13928,65.242403,21.625222
13929,65.262934,22.300385
13930,65.285298,22.984655
13931,65.309789,23.676032
13932,65.332858,24.376784
13933,65.354779,25.086375
13934,65.376163,25.807101
13935,65.396604,26.537094
13936,65.415241,27.275700
13937,65.432701,28.022345
13938,52.070831,29.268218
13939,51.837377,28.926361
13940,51.602111,28.574125
13941,51.363673,28.209596
13942,51.123901,27.834847
13943,50.882055,27.451959
13944,50.637738,27.062452
13945,50.390573,26.664309
13946,50.141773,26.256479
13947,49.890009,25.840644
13948,64.880638,26.975317
13949,64.520311,27.116509
13950,64.150959,27.262328
13951,63.774369,27.410363
13952,63.388665,27.561118
13953,62.993997,27.713340
13954,62.590383,27.870224
13955,62.178112,28.034179
13956,61.755061,28.200143
13957,61.326170,28.370192
13958,61.480180,28.950334
13959,60.877065,28.483697
13960,60.272668,28.008555
13961,59.669611,27.522269
13962,59.065134,27.026378
13963,58.460630,26.520082
13964,57.854142,26.004909
13965,57.249099,25.478828
13966,56.645019,24.946434
13967,56.039461,24.404964
13968,35.337157,10.153824
13969,35.217427,10.032504
13970,35.091744,9.902556
13971,34.961349,9.762031
13972,34.821562,9.614687
13973,34.676309,9.458363
13974,34.523450,9.294433
13975,34.361206,9.120581
13976,33.689984,21.024499
13977,33.317705,20.834443
13978,32.936250,20.641617
13979,32.549070,20.445841
13980,32.152349,20.242758
13981,31.750353,20.035594
13982,31.340381,19.823091
13983,30.921660,19.603964
13984,41.051937,21.357137
13985,40.858479,20.665844
13986,40.670787,19.963830
13987,40.489096,19.251129
13988,40.311430,18.528620
13989,40.137487,17.797346
13990,39.967721,17.057027
13991,39.806544,16.305396
13992,31.478816,33.177533
13993,31.761873,33.584132
13994,32.047765,34.002109
13995,32.336966,34.429404
13996,32.630143,34.864552
13997,32.926044,35.307988
13998,33.226391,35.764092
13999,33.531605,36.230324
14000,34.522373,26.021203
14001,34.549120,26.434960
14002,34.581526,26.857890
14003,34.616177,27.293130
14004,34.653363,27.738740
14005,34.692947,28.193776
14006,34.735999,28.658188
14007,34.779070,29.133013
14008,38.008156,28.057421
14009,37.998251,28.884093
14010,37.988201,29.717968
14011,37.979624,30.560369
14012,37.970641,31.410677
14013,37.958889,32.269786
14014,37.948266,33.137477
14015,37.936248,34.014706
14016,33.426660,13.123797
14017,33.412165,12.687533
14018,33.400340,12.242491
14019,33.386752,11.788016
14020,33.372010,11.323957
14021,33.357706,10.848466
14022,33.344775,10.362435
14023,33.331486,9.865228
14024,33.315469,9.358737
14025,33.297318,8.841605
14026,33.279389,8.311923
14027,29.507107,17.970662
14028,28.988526,17.636585
14029,28.460177,17.301902
14030,27.922477,16.966308
14031,27.374762,16.629537
14032,26.818714,16.289741
14033,26.256837,15.947898
14034,25.686347,15.603082
14035,25.107659,15.254531
14036,24.522613,14.900822
14037,23.931048,14.543505
14038,35.015648,13.406121
14039,34.727026,12.800813
14040,34.443670,12.186856
14041,34.164579,11.561788
14042,33.892692,10.923386
14043,33.625761,10.275110
14044,33.364276,9.617385
14045,33.109260,8.950362
14046,32.860245,8.272028
14047,32.615354,7.583451
14048,32.375761,6.883933
14049,11.826226,37.468845
14050,12.133039,37.807129
14051,12.442625,38.152702
14052,12.755380,38.508077
14053,13.072749,38.868995
14054,13.394107,39.232021
14055,13.719863,39.606092
14056,19.738754,35.324741
14057,19.727308,35.979403
14058,19.716771,36.645592
14059,19.707164,37.321463
14060,19.696994,38.007888
14061,19.687058,38.703877
14062,19.680799,39.408741
14063,43.225163,35.043970
14064,43.577246,35.374516
14065,43.933914,35.711061
14066,44.297384,36.052213
14067,44.664925,36.400474
14068,45.041158,36.754338
14069,45.424019,37.114623
14070,45.816291,37.479457
14071,46.214158,37.850106
14072,46.617422,38.224079
14073,47.026115,38.604459
14074,48.346862,38.339314
14075,48.828680,38.037648
14076,49.319797,37.731007
14077,49.820144,37.420606
14078,50.327098,37.103796
14079,50.842810,36.782991
14080,51.367973,36.461154
14081,51.900811,36.135261
14082,52.441095,35.806516
14083,52.988978,35.475214
14084,53.544027,35.141972
14085,31.871340,39.728480
14086,31.845304,40.404262
14087,31.818674,41.089507
14088,31.792720,41.786059
14089,31.770324,42.492942
14090,31.748930,43.212020
14091,31.726090,43.939910
14092,31.705752,44.681271
14093,31.686101,45.429744
14094,31.665909,46.185944
14095,31.645347,46.952087
14096,41.504405,37.138828
14097,41.886605,37.676575
14098,42.267304,38.224261
14099,42.644025,38.783613
14100,43.017949,39.353838
14101,43.387043,39.934840
14102,43.753024,40.527460
14103,44.113822,41.129419
14104,44.471504,41.741817
14105,44.827088,42.363238
14106,45.178460,42.995009
14107,67.657608,18.807482
14108,67.946116,18.659122
14109,68.244004,18.505201
14110,68.552632,18.351246
14111,68.871092,18.193062
14112,69.202968,18.026152
14113,69.546481,17.854035
14114,69.901733,17.676852
14115,70.268379,17.494401
14116,74.805989,23.884519
14117,74.627796,23.284713
14118,74.455288,22.670948
14119,74.287942,22.045484
14120,74.127180,21.409045
14121,73.969277,20.761988
14122,73.815459,20.103669
14123,73.669295,19.432081
14124,73.530319,18.748404
14125,64.277226,32.885665
14126,64.321450,32.833509
14127,64.372971,32.773283
14128,64.430686,32.706578
14129,64.495362,32.634015
14130,64.566074,32.555766
14131,64.645528,32.471264
14132,64.731211,32.379338
14133,64.823615,32.282774
14134,69.742375,26.552968
14135,69.660799,27.166279
14136,69.584459,27.792648
14137,69.511834,28.428323
14138,69.443265,29.075183
14139,69.376582,29.732274
14140,69.313877,30.399716
14141,69.254107,31.076619
14142,69.197948,31.765162
14143,61.508610,42.151982
14144,61.393705,42.304393
14145,61.274603,42.467355
14146,61.149475,42.642137
14147,61.018416,42.827831
14148,60.882114,43.024389
14149,60.741150,43.229676
14150,60.593770,43.444935
14151,70.820992,38.142705
14152,70.436110,38.033914
14153,70.037088,37.913142
14154,69.624192,37.783240
14155,69.196641,37.641008
14156,68.756752,37.487576
14157,68.308607,37.322870
14158,67.854399,37.143854
14159,62.380292,40.847425
14160,62.316200,41.078833
14161,62.249404,41.323112
14162,62.178963,41.579167
14163,62.104109,41.846438
14164,62.024493,42.126606
14165,61.938432,42.418351
14166,64.843749,30.781119
14167,64.705630,31.337803
14168,64.568269,31.910285
14169,64.435910,32.496928
14170,64.306039,33.096561
14171,64.174302,33.707194
14172,64.046556,34.329965
14173,54.688593,16.045757
14174,54.719361,15.638251
14175,54.750141,15.218815
14176,54.779370,14.790142
14177,54.809033,14.351230
14178,54.842879,13.903076
14179,54.881102,13.444730
14180,54.919216,12.975223
14181,55.559986,16.316055
14182,55.443080,15.812573
14183,55.329820,15.292033
14184,55.218919,14.754043
14185,55.107591,14.200661
14186,54.996927,13.632855
14187,54.887441,13.049848
14188,54.779367,12.455639
14189,50.029436,31.698037
14190,50.317969,31.418914
14191,50.611462,31.133006
14192,50.911717,30.841066
14193,51.219911,30.543992
14194,51.533695,30.239386
14195,51.852262,29.928573
14196,55.674001,26.278974
14197,55.340297,26.487204
14198,54.988613,26.707188
14199,54.621596,26.936729
14200,54.245799,27.180170
14201,53.862500,27.435132
14202,53.470189,27.703043
14203,41.132578,30.740151
14204,41.309234,30.379201
14205,41.490012,30.007083
14206,41.674231,29.623208
14207,41.861203,29.228128
14208,42.051673,28.827004
14209,42.245767,28.416998
14210,51.666412,26.016556
14211,51.302837,26.315589
14212,50.934454,26.626399
14213,50.562100,26.950218
14214,50.181768,27.287173
14215,49.797402,27.639359
14216,49.406155,28.006610
14217,48.646255,28.412177
14218,48.466637,27.813593
14219,48.290554,27.204840
14220,48.118446,26.586589
14221,47.951263,25.957464
14222,47.789905,25.316250
14223,47.634433,24.663699
14224,32.048104,37.884223
14225,31.989800,38.199957
14226,31.925746,38.522613
14227,31.859895,38.856502
14228,31.792576,39.199233
14229,31.720925,39.554934
14230,31.645780,39.921955
14231,31.569202,40.300310
14232,31.488716,40.690187
14233,31.406284,41.090820
14234,31.321853,41.501918
14235,31.235334,41.923526
14236,31.145356,42.354327
14237,31.052247,42.795277
14238,30.961739,43.250497
14239,30.868383,43.716301
14240,26.510071,41.998848
14241,26.349741,42.021636
14242,26.178452,42.049846
14243,25.995653,42.081484
14244,25.800552,42.115580
14245,25.594482,42.152631
14246,25.378425,42.190488
14247,25.151446,42.231363
14248,24.912194,42.274991
14249,24.663712,42.320152
14250,24.404412,42.366154
14251,24.136350,42.417182
14252,23.856069,42.469540
14253,23.565842,42.527754
14254,23.265506,42.586768
14255,22.952411,42.648362
14256,36.448673,43.627448
14257,35.850514,43.694049
14258,35.247693,43.767383
14259,34.640465,43.848368
14260,34.030034,43.936781
14261,33.414014,44.031134
14262,32.794572,44.132372
14263,32.170450,44.238615
14264,31.543354,44.349880
14265,30.915867,44.466623
14266,30.284503,44.590173
14267,29.650824,44.715650
14268,29.017421,44.850590
14269,28.380412,44.992344
14270,27.739317,45.138698
14271,27.094064,45.290587
34033,80.717654,39.327736
34034,80.860206,39.696551
34035,81.007660,40.077161
34036,81.160485,40.468110
34037,81.318370,40.869958
34038,81.477307,41.283647
34039,81.639505,41.707789
34040,81.804631,42.142943
34041,81.973884,42.586238
34042,82.148296,43.039877
34043,90.422440,38.101126
34044,90.315042,38.680159
34045,90.206451,39.273464
34046,90.098585,39.879824
34047,89.993384,40.497135
34048,89.890760,41.124533
34049,89.788975,41.761605
34050,89.689254,42.410019
34051,89.594936,43.068582
34052,89.508075,43.737042
34053,70.384316,34.266276
34054,70.253650,34.434197
34055,70.117524,34.611607
34056,69.978117,34.797628
34057,69.831890,34.993240
34058,69.679438,35.198180
34059,69.521142,35.412638
34060,69.356156,35.635283
34061,69.183657,35.866416
34062,69.004308,36.109266
34063,68.819560,36.364851
34064,68.629686,36.628418
34065,68.433475,36.899857
34066,70.670022,45.077406
34067,70.281734,45.348310
34068,69.886660,45.623170
34069,69.483877,45.900214
34070,69.072306,46.179326
34071,68.653305,46.463993
34072,68.228783,46.751811
34073,67.797013,47.042008
34074,67.355157,47.336396
34075,66.904164,47.633453
34076,66.446091,47.934098
34077,65.979325,48.239439
34078,65.507140,48.548307
34079,76.244781,47.967611
34080,76.210113,48.090337
34081,76.168734,48.231635
34082,76.120704,48.389933
34083,76.068245,48.565088
34084,76.005860,48.758994
34085,75.938209,48.971271
34086,75.861721,49.203581
34087,75.778172,49.458404
34088,75.688105,49.731686
34089,75.593662,50.022875
34090,75.491769,50.335820
34091,75.384243,50.668466
34092,53.883311,27.136771
34093,53.710049,26.830855
34094,53.531437,26.511818
34095,53.347892,26.179345
34096,53.162582,25.835045
34097,52.974894,25.480717
34098,52.784182,25.116216
34099,52.588096,24.739215
34100,52.389421,24.354131
34101,52.188097,23.959476
34102,51.983452,23.551642
34103,51.778529,23.134065
34104,51.569394,22.709381
34105,65.112735,42.699388
34106,64.447115,42.517138
34107,63.772749,42.333162
34108,63.091667,42.145620
34109,62.402992,41.956772
34110,61.708255,41.764297
34111,61.009721,41.567429
34112,60.300773,41.367208
34113,59.584872,41.164088
34114,58.863525,40.959183
34115,58.137073,40.748398
34116,57.402209,40.535048
34117,56.658946,40.321198
34118,64.278225,33.617195
34119,63.828123,33.024763
34120,63.380882,32.421549
34121,62.937441,31.809869
34122,62.498607,31.187201
34123,62.059649,30.555949
34124,61.622087,29.916337
34125,61.184659,29.267049
34126,60.749903,28.607930
34127,60.318497,27.941569
34128,59.891374,27.266175
34129,59.465674,26.582676
34130,59.041496,25.890043
34131,69.939709,35.186118
34132,69.767102,35.107390
34133,69.585576,35.025468
34134,69.390500,34.939099
34135,69.184749,34.849171
34136,68.967908,34.751793
34137,68.743436,34.650818
34138,68.507142,34.545826
34139,68.261747,34.435464
34140,68.006049,34.324130
34141,67.737152,34.208388
34142,67.456739,34.088190
34143,67.167184,33.963510
34144,68.303059,32.789586
34145,67.975441,32.831101
34146,67.637507,32.876574
34147,67.287684,32.924713
34148,66.930587,32.972947
34149,66.563622,33.023213
34150,66.185205,33.075780
34151,65.798063,33.130857
34152,65.401524,33.190166
34153,64.995000,33.252749
34154,64.579087,33.318238
34155,64.153197,33.386825
34156,63.718134,33.458737
34157,65.486628,40.742317
34158,64.892335,40.423753
34159,64.296689,40.096439
34160,63.700289,39.758921
34161,63.104525,39.408958
34162,62.508273,39.049833
34163,61.911726,38.681616
34164,61.314221,38.302855
34165,60.715225,37.917690
34166,60.115593,37.522701
34167,59.513744,37.120076
34168,58.909329,36.709280
34169,58.302561,36.291774
34170,37.132824,14.295176
34171,37.442459,14.025051
34172,37.763446,13.751216
34173,38.090607,13.470742
34174,38.425404,13.183522
34175,38.766566,12.890027
34176,39.117064,12.588826
34177,39.476515,12.281692
34178,39.843711,11.970448
34179,40.217377,11.654149
34180,40.595853,11.329695
34181,28.115713,7.403053
34182,28.367975,6.851019
34183,28.617661,6.284003
34184,28.864153,5.706185
34185,29.107482,5.118214
34186,29.346071,4.515092
34187,29.584010,3.904045
34188,29.818968,3.281917
34189,30.051489,2.651368
34190,30.281269,2.010473
34191,30.508767,1.360881
34192,76.562327,23.578358
34193,76.598062,23.486757
34194,76.638260,23.387518
34195,76.682224,23.280016
34196,76.729696,23.164690
34197,76.781189,23.039229
34198,76.836472,22.905540
34199,76.896213,22.761637
34200,76.960343,22.608411
34201,77.030412,22.445205
34202,77.105385,22.272834
34203,77.183280,22.089152
34204,77.408884,30.755654
34205,77.678196,30.845930
34206,77.957178,30.941889
34207,78.247121,31.044438
34208,78.545874,31.152024
34209,78.856772,31.263650
34210,79.176241,31.381539
34211,79.504815,31.504178
34212,79.842137,31.632489
34213,80.187992,31.763425
34214,80.541938,31.900072
34215,80.905310,32.040818
34216,84.932638,39.470254
34217,85.018573,39.070663
34218,85.108951,38.660080
34219,85.200317,38.239072
34220,85.296514,37.806912
34221,85.394433,37.363761
34222,85.496427,36.910859
34223,85.598317,36.446829
34224,85.702158,35.971278
34225,85.807747,35.483193
34226,85.913546,34.983665
34227,86.020421,34.474490
34228,71.181781,41.846485
34229,71.286322,42.303848
34230,71.393561,42.772705
34231,71.504283,43.251508
34232,71.618444,43.741564
34233,71.736983,44.242033
34234,71.859761,44.752941
34235,71.983901,45.271308
34236,72.108238,45.799307
34237,72.235074,46.335395
34238,72.364361,46.882173
34239,72.493658,47.438451
34240,81.983842,39.972378
34241,81.843452,39.687918
34242,81.693182,39.382782
34243,81.531865,39.057316
34244,81.363861,38.713030
34245,81.191230,38.348408
34246,81.017058,37.966488
34247,80.839411,37.566931
34248,80.660089,37.149256
34249,80.479191,36.714468
34250,80.297873,36.263024
34251,80.117050,35.791766
34252,85.731819,38.986360
34253,85.829919,39.380359
34254,85.931160,39.783724
34255,86.033736,40.199011
34256,86.139830,40.624393
34257,86.247601,41.059990
34258,86.356626,41.507760
34259,86.468341,41.962051
34260,86.581407,42.423234
34261,86.698235,42.890977
34262,86.819066,43.367712
34263,81.407801,38.438314
34264,81.744831,38.947756
34265,82.081502,39.470214
34266,82.413272,40.004884
34267,82.741198,40.550094
34268,83.066496,41.104959
34269,83.387470,41.673189
34270,83.704911,42.250546
34271,84.018689,42.837398
34272,84.329189,43.435472
34273,84.633761,44.044900
34274,77.055921,38.438122
34275,76.802737,38.803264
34276,76.544449,39.176298
34277,76.285465,39.558843
34278,76.022717,39.950543
34279,75.758799,40.351570
34280,75.490615,40.766439
34281,75.221522,41.193091
34282,74.951226,41.631854
34283,74.677819,42.078762
34284,74.400979,42.534277
34285,74.121270,42.997492
34286,73.837069,43.470598
34287,73.551494,43.953851
34288,73.264772,44.450042
34289,72.976362,44.953745
34290,80.724486,39.296169
34291,80.117408,39.611420
34292,79.509599,39.933750
34293,78.897230,40.261379
34294,78.281234,40.594663
34295,77.663742,40.934824
34296,77.042663,41.281363
34297,76.422828,41.638191
34298,75.801733,42.003504
34299,75.179960,42.374602
34300,74.555518,42.752048
34301,73.925963,43.138125
34302,73.295801,43.532255
34303,72.662509,43.934991
34304,72.025509,44.346108
34305,71.384563,44.761107
34306,71.363411,15.129426
34307,70.769574,14.716932
34308,70.167464,14.305624
34309,69.556125,13.893575
34310,68.936291,13.481108
34311,68.308309,13.064362
34312,67.674976,12.645386
34313,67.036646,12.219296
34314,66.392986,11.788300
34315,65.742374,11.355253
34316,65.086865,10.916072
34317,64.426550,10.471739
34318,63.762049,10.021719
34319,70.852516,14.026318
34320,70.398664,13.471849
34321,69.951305,12.907741
34322,69.505040,12.334526
34323,69.063655,11.750212
34324,68.628051,11.153372
34325,68.197758,10.546246
34326,67.770784,9.927944
34327,67.347871,9.301610
34328,66.931905,8.663949
34329,66.520591,8.016425
34330,66.110837,7.360528
34331,65.705729,6.695079
34332,52.130927,34.219917
34333,52.422928,34.195647
34334,52.724779,34.167425
34335,53.041200,34.136813
34336,53.371275,34.104663
34337,53.710017,34.071522
34338,54.058108,34.035556
34339,54.417456,33.998913
34340,54.788577,33.959479
34341,54.730855,46.769746
34342,55.161565,46.736533
34343,55.599769,46.701525
34344,56.046730,46.663051
34345,56.502976,46.624453
34346,56.965648,46.583555
34347,57.438301,46.540937
34348,57.918246,46.496364
34349,58.405917,46.451071
34350,57.388956,29.891025
34351,57.837383,29.786533
34352,58.295149,29.679006
34353,58.759928,29.564688
34354,59.232245,29.448179
34355,59.711837,29.327895
34356,60.203631,29.205627
34357,60.703449,29.079684
34358,61.211551,28.950983
34359,51.917800,44.047490
34360,52.207778,43.558977
34361,52.495724,43.052781
34362,52.781606,42.534648
34363,53.062434,42.004683
34364,53.341669,41.461643
34365,53.616053,40.904753
34366,53.883160,40.335092
34367,54.149135,39.757028
34368,83.646314,23.927276
34369,83.441363,23.739070
34370,83.229410,23.543020
34371,83.008964,23.338808
34372,82.780218,23.128247
34373,82.541642,22.909287
34374,82.296470,22.681025
34375,82.042504,22.444305
34376,85.269516,35.094416
34377,84.860468,34.967787
34378,84.442946,34.839640
34379,84.017808,34.706494
34380,83.581478,34.567808
34381,83.137478,34.427664
34382,82.686655,34.284562
34383,82.227676,34.139238
34384,85.748247,25.849103
34385,85.347459,26.128706
34386,84.938700,26.419544
34387,84.517706,26.722009
34388,84.084918,27.031803
34389,83.642200,27.348494
34390,83.193480,27.675474
34391,82.736483,28.013003
34392,89.946185,26.560016
34393,90.441865,26.671142
34394,90.943097,26.785896
34395,91.450747,26.906364
34396,91.967710,27.027426
34397,92.492060,27.151961
34398,93.024714,27.279635
34399,93.565704,27.407838
34400,94.116834,27.541841
34401,87.014939,31.466865
34402,87.170919,31.419223
34403,87.339114,31.368656
34404,87.517608,31.316818
34405,87.707090,31.261459
34406,87.906218,31.202248
34407,88.115263,31.140766
34408,88.334920,31.077179
34409,88.567338,31.008033
34410,86.788433,40.248634
34411,86.993330,40.578022
34412,87.201420,40.919539
34413,87.409993,41.271969
34414,87.620923,41.632263
34415,87.834560,42.001342
34416,88.050693,42.379539
34417,88.267617,42.767400
34418,88.488136,43.164038
34419,84.234891,31.862261
34420,84.544502,31.665793
34421,84.873580,31.459233
34422,85.216010,31.237913
34423,85.573000,31.003278
34424,85.945476,30.755026
34425,86.330292,30.493872
34426,86.725380,30.220738
34427,87.126892,29.935083
34428,71.850857,31.595929
34429,71.680639,31.686044
34430,71.501265,31.780859
34431,71.309840,31.878928
34432,71.107059,31.980080
34433,70.893925,32.085786
34434,70.672633,32.196193
34435,70.438868,32.311992
34436,70.195320,32.433757
34437,69.939863,32.561993
34438,69.674885,32.693171
34439,65.980373,42.649392
34440,65.739984,42.543415
34441,65.486134,42.432052
34442,65.220138,42.315027
34443,64.945533,42.192512
34444,64.661353,42.064046
34445,64.366887,41.928626
34446,64.060579,41.787292
34447,63.744334,41.640980
34448,63.419012,41.489941
34449,63.083713,41.334000
34450,74.940685,43.147618
34451,74.681110,43.359163
34452,74.410915,43.576872
34453,74.131778,43.799970
34454,73.842961,44.028838
34455,73.543840,44.264183
34456,73.235811,44.504324
34457,72.920867,44.751113
34458,72.597369,45.002382
34459,72.266630,45.255843
34460,71.928218,45.513140
34461,70.215030,41.286393
34462,69.743135,41.092028
34463,69.263939,40.887468
34464,68.775957,40.672174
34465,68.275806,40.447891
34466,67.767088,40.210271
34467,67.250812,39.961051
34468,66.728225,39.700614
34469,66.200147,39.431345
34470,65.667252,39.152755
34471,65.131755,38.864887
34472,75.238596,26.103729
34473,75.637245,26.130229
34474,76.044212,26.160336
34475,76.457987,26.191578
34476,76.883439,26.225439
34477,77.312896,26.262619
34478,77.750418,26.301695
34479,78.196733,26.341906
34480,78.654166,26.385633
34481,79.119755,26.429658
34482,79.595337,26.474768
34483,80.077458,26.521895
34484,80.567844,26.569589
34485,59.875703,29.189084
34486,59.857439,29.099613
34487,59.837760,29.002577
34488,59.813653,28.896237
34489,59.785947,28.781455
34490,59.756922,28.658594
34491,59.724749,28.527466
34492,59.689743,28.389216
34493,59.651204,28.242428
34494,59.609727,28.085808
34495,59.564481,27.921943
34496,59.515660,27.746654
34497,59.466534,27.560752
34498,60.959813,22.831623
34499,61.388648,23.088764
34500,61.827344,23.350039
34501,62.274659,23.614480
34502,62.729923,23.880744
34503,63.194616,24.152291
34504,63.667679,24.429192
34505,64.149696,24.710710
34506,64.639779,24.996355
34507,65.138327,25.286777
34508,65.644262,25.578642
34509,66.157341,25.873967
34510,66.676992,26.173790
34511,61.202578,23.977182
34512,61.241661,23.826355
34513,61.285262,23.665159
34514,61.333609,23.495261
34515,61.382963,23.313912
34516,61.434225,23.124624
34517,61.490722,22.922605
34518,61.552483,22.708168
34519,61.617297,22.484648
34520,61.685734,22.248991
34521,61.756413,21.999734
34522,61.830403,21.739936
34523,61.908256,21.467191
34524,61.689041,36.630379
34525,62.219235,36.380562
34526,62.757861,36.126603
34527,63.305463,35.871552
34528,63.858477,35.611633
34529,64.420230,35.347504
34530,64.989477,35.079204
34531,65.564431,34.811196
34532,66.148518,34.540579
34533,66.741258,34.266020
34534,67.340726,33.986807
34535,67.947745,33.704733
34536,68.562343,33.419908
34537,61.512420,35.949809
34538,62.099964,35.673973
34539,62.690292,35.392639
34540,63.285554,35.106299
34541,63.885767,34.814198
34542,64.488811,34.515982
34543,65.093777,34.208902
34544,65.704036,33.895543
34545,66.315696,33.573480
34546,66.931405,33.241541
34547,67.553475,32.902509
34548,68.175547,32.555127
34549,68.803112,32.200688
34550,22.773072,15.748095
34551,22.584613,15.175498
34552,22.394727,14.594737
34553,22.205050,14.004319
34554,22.018394,13.403168
34555,21.833224,12.790284
34556,21.646547,12.169171
34557,21.458682,11.537749
34558,21.273011,10.896541
34559,21.089145,10.246370
34560,20.904572,9.587756
34561,20.723208,8.919629
34562,30.588745,14.272654
34563,30.345903,13.855916
34564,30.099528,13.429947
34565,29.853813,12.992789
34566,29.603384,12.547138
34567,29.352610,12.092429
34568,29.099777,11.624057
34569,28.844174,11.143797
34570,28.586723,10.653293
34571,28.326829,10.155259
34572,28.066383,9.646454
34573,27.803345,9.128154
34574,19.300483,4.975229
34575,19.060838,4.537851
34576,18.818853,4.089618
34577,18.574301,3.631753
34578,18.330335,3.164386
34579,18.084979,2.685880
34580,17.836776,2.198343
34581,17.588928,1.702348
34582,17.341569,1.197496
34583,17.090424,0.692139
34584,16.837715,0.285173
34585,16.583909,0.094380
34586,21.186968,3.847417
34587,20.897780,3.425848
34588,20.605900,2.987277
34589,20.315863,2.528245
34590,20.026323,2.051175
34591,19.736370,1.561679
34592,19.450103,1.055379
34593,19.166424,0.540529
34594,18.887776,0.153447
34595,18.609417,0.022036
34596,18.331975,0.003163
34597,18.060762,0.000000
34598,6.440753,25.852749
34599,6.301594,25.397383
34600,6.160307,24.932102
34601,6.015398,24.456918
34602,5.866804,23.971231
34603,5.716492,23.474421
34604,5.562204,22.972053
34605,5.408056,22.462991
34606,5.250826,21.942810
34607,5.091769,21.412517
34608,4.930741,20.871772
34609,3.743960,23.369997
34610,3.820660,23.808445
34611,3.897779,24.257639
34612,3.980278,24.716196
34613,4.066237,25.182810
34614,4.153913,25.661669
34615,4.244931,26.151355
34616,4.337364,26.652608
34617,4.431237,27.160801
34618,4.526328,27.680659
34619,4.622464,28.209010
34620,8.556848,36.933826
34621,8.412403,36.450374
34622,8.267912,35.955736
34623,8.120340,35.451230
34624,7.969901,34.938161
34625,7.818618,34.417510
34626,7.666479,33.886578
34627,7.513539,33.345041
34628,7.359334,32.794109
34629,7.206310,32.230775
34630,7.050709,31.658782
34631,2.327121,26.778352
34632,2.421082,27.231984
34633,2.510095,27.699482
34634,2.598805,28.183499
34635,2.690354,28.685483
34636,2.780335,29.202490
34637,2.870109,29.734200
34638,2.958523,30.279484
34639,3.045671,30.839437
34640,3.132548,31.412725
34641,3.219525,31.999602
34642,46.382899,18.582057
34643,46.428058,18.164251
34644,46.475942,17.734735
34645,46.526874,17.295130
34646,46.579843,16.844981
34647,46.632635,16.383435
34648,46.688921,15.911460
34649,46.746888,15.427121
34650,46.804471,14.934098
34651,46.864283,14.432444
34652,46.927029,13.923160
34653,46.990287,13.402934
34654,47.056752,12.873952
34655,50.108243,13.112024
34656,50.804762,13.175629
34657,51.507737,13.245229
34658,52.215825,13.318720
34659,52.929719,13.394093
34660,53.650295,13.475258
34661,54.377641,13.559076
34662,55.113709,13.643849
34663,55.856831,13.732843
34664,56.608217,13.823258
34665,57.364824,13.919673
34666,58.125345,14.015846
34667,58.892597,14.113429
34668,34.887546,12.733569
34669,35.170723,12.165867
34670,35.449096,11.588073
34671,35.725156,10.999141
34672,35.996124,10.397754
34673,36.261626,9.786056
34674,36.523353,9.164650
34675,36.781014,8.532145
34676,37.034617,7.887962
34677,37.285218,7.232925
34678,37.532394,6.568149
34679,37.776823,5.892404
34680,38.016164,5.206378
34681,67.745981,17.311480
34682,67.842815,17.248702
34683,67.950499,17.180168
34684,68.067400,17.104171
34685,68.196581,17.023013
34686,68.335365,16.938812
34687,68.483210,16.851150
34688,68.641977,16.758902
34689,68.811205,16.660076
34690,69.202665,28.669704
34691,69.495587,28.701422
34692,69.802675,28.738553
34693,70.120735,28.780360
34694,70.448703,28.825650
34695,70.783992,28.871440
34696,71.130404,28.920990
34697,71.487817,28.974359
34698,71.857255,29.029291
34699,65.427008,22.531207
34700,65.654942,22.031211
34701,65.883053,21.517223
34702,66.111187,20.989797
34703,66.338836,20.449597
34704,66.565301,19.895979
34705,66.788900,19.328181
34706,67.008682,18.747961
34707,67.225201,18.155869
34708,77.154034,9.597174
34709,77.371808,9.213522
34710,77.591113,8.820642
34711,77.811789,8.419115
34712,78.033907,8.006000
34713,78.257240,7.581345
34714,78.483560,7.148614
34715,78.710210,6.704248
34716,78.939086,6.248885
34717,79.168892,5.780990
34718,79.401609,5.302421
34719,79.637849,4.813092
34720,64.400440,15.740444
34721,64.350890,15.313139
34722,64.302349,14.869741
34723,64.254113,14.410811
34724,64.205445,13.932234
34725,64.154762,13.435466
34726,64.104594,12.921332
34727,64.053503,12.394588
34728,63.997741,11.853747
34729,63.943455,11.296966
34730,63.892117,10.724043
34731,63.840742,10.137547
34732,104.275103,25.957010
34733,104.293273,25.805200
34734,104.314025,25.640927
34735,104.338120,25.464803
34736,104.363781,25.279082
34737,104.391377,25.082530
34738,104.421873,24.873042
34739,104.453952,24.652851
34740,104.489444,24.421634
34741,104.527875,24.182306
34742,104.568583,23.930224
34743,95.495614,20.392373
34744,95.596969,20.092410
34745,95.702964,19.781288
34746,95.810938,19.454774
34747,95.921497,19.120684
34748,96.036356,18.775773
34749,96.154586,18.418978
34750,96.277787,18.049994
34751,96.405065,17.670132
34752,96.538058,17.280475
34753,96.676054,16.878915
34754,101.984253,14.076050
34755,102.426928,14.047941
34756,102.878516,14.018831
34757,103.337775,13.988009
34758,103.803747,13.953249
34759,104.280381,13.916234
34760,104.763697,13.878027
34761,105.255653,13.838899
34762,105.752828,13.795722
34763,106.259207,13.749061
34764,106.773788,13.698653
34765,94.923381,11.506818
34766,95.087952,11.144692
34767,95.253959,10.768851
34768,95.425514,10.385806
34769,95.601160,9.991386
34770,95.780029,9.588288
34771,95.961616,9.174943
34772,96.144974,8.749721
34773,96.329178,8.313113
34774,96.516200,7.865299
34775,96.705473,7.407382
34776,97.918752,17.153554
34777,98.599340,17.378827
34778,99.280429,17.613530
34779,99.961973,17.858653
34780,100.644877,18.113073
34781,101.327992,18.374855
34782,102.014223,18.645840
34783,102.703622,18.927161
34784,103.394814,19.220032
34785,104.087368,19.522986
34786,104.781704,19.835964
34787,89.556417,14.426016
34788,89.861816,14.325228
34789,90.177255,14.220312
34790,90.502046,14.111594
34791,90.836889,13.998923
34792,91.182677,13.880774
34793,91.539170,13.758533
34794,91.905189,13.628831
34795,92.283252,13.495889
34796,99.923895,17.923962
34797,100.311544,18.345365
34798,100.704241,18.774812
34799,101.098769,19.212251
34800,101.497271,19.655629
34801,101.897589,20.108010
34802,102.298261,20.569115
34803,102.704184,21.038362
34804,103.112608,21.514330
34805,88.096570,17.187041
34806,88.574548,17.435811
34807,89.061620,17.697004
34808,89.556528,17.970596
34809,90.058156,18.252554
34810,90.569074,18.543245
34811,91.087029,18.842240
34812,91.608847,19.154627
34813,92.131479,19.477321
34814,68.400474,24.048520
34815,68.029602,23.883316
34816,67.647813,23.712528
34817,67.255893,23.537554
34818,66.854504,23.360961
34819,66.444845,23.177712
34820,66.028509,22.989294
34821,65.604962,22.796796
34822,75.274181,22.581645
34823,75.174518,21.952622
34824,75.080936,21.311557
34825,74.992219,20.659369
34826,74.909009,19.997149
34827,74.827728,19.324100
34828,74.750897,18.639699
34829,74.678041,17.945743
34830,64.329241,29.405082
34831,64.224085,29.721857
34832,64.114631,30.049354
34833,64.004233,30.386900
34834,63.891583,30.738600
34835,63.777300,31.101838
34836,63.661074,31.476781
34837,67.896857,37.454871
34838,67.701642,37.839065
34839,67.505481,38.234161
34840,67.306662,38.637725
34841,67.105774,39.048777
34842,66.902243,39.471209
34843,66.695466,39.907335
34844,67.695741,33.762052
34845,67.250702,33.854434
34846,66.793324,33.954021
34847,66.328683,34.065490
34848,65.850348,34.187569
34849,65.359178,34.317050
34850,64.855485,34.456089
34851,67.301191,19.946964
34852,67.280286,19.824801
34853,67.258085,19.694700
34854,67.233706,19.554037
34855,67.207445,19.403324
34856,67.178784,19.241671
34857,67.146966,19.073583
34858,67.111853,18.893837
34859,62.372610,6.821861
34860,62.016636,6.729593
34861,61.650082,6.633250
34862,61.272942,6.535038
34863,60.885809,6.433919
34864,60.488362,6.327499
34865,60.082446,6.217679
34866,59.667607,6.104067
34867,65.442853,19.446899
34868,65.212318,18.721375
34869,64.986634,17.986034
34870,64.765535,17.240814
34871,64.549704,16.485959
34872,64.339138,15.722486
34873,64.134177,14.949289
34874,63.936588,14.166388
34875,85.376144,26.463473
34876,85.393613,26.387383
34877,85.413487,26.300200
34878,85.436716,26.205629
34879,85.465041,26.103528
34880,85.496971,25.993461
34881,85.532406,25.873155
34882,85.571955,25.746736
34883,85.611114,25.615501
34884,85.653527,25.477920
34885,85.699280,25.331748
34886,77.107596,21.909105
34887,77.319177,21.507138
34888,77.532632,21.098730
34889,77.749446,20.677446
34890,77.971000,20.246003
34891,78.196394,19.805140
34892,78.424759,19.356834
34893,78.654910,18.895974
34894,78.887537,18.423934
34895,79.120345,17.941227
34896,79.352320,17.448775
34897,79.367220,31.162576
34898,79.744366,31.198534
34899,80.131294,31.238130
34900,80.528689,31.279471
34901,80.936171,31.320587
34902,81.350605,31.365372
34903,81.770954,31.413558
34904,82.201223,31.464306
34905,82.639706,31.518508
34906,83.087400,31.574364
34907,83.545432,31.634666
34908,89.167183,33.681144
34909,89.603990,33.550506
34910,90.050065,33.416781
34911,90.504593,33.280530
34912,90.968652,33.142761
34913,91.441947,33.001872
34914,91.926925,32.858763
34915,92.421751,32.712210
34916,92.923480,32.562809
34917,93.431663,32.410578
34918,93.949325,32.257631
34919,80.771306,31.013618
34920,81.496800,30.741428
34921,82.221182,30.462405
34922,82.947319,30.175801
34923,83.677155,29.883230
34924,84.412268,29.588075
34925,85.149423,29.286585
34926,85.890631,28.982434
34927,86.633900,28.675370
34928,87.380212,28.361521
34929,88.129068,28.041871
34930,11.514228,13.135359
34931,11.237167,12.651166
34932,10.957921,12.156974
34933,10.679165,11.653245
34934,10.400085,11.140919
34935,10.120072,10.619034
34936,9.840099,10.088544
34937,9.560163,9.548375
34938,9.279643,8.999346
34939,8.998503,8.442152
34940,8.719467,7.872120
34941,8.438727,7.293416
34942,8.160799,6.703726
34943,10.368761,7.953456
34944,10.008200,7.764464
34945,9.639351,7.571702
34946,9.261787,7.372652
34947,8.875710,7.169716
34948,8.481791,6.964938
34949,8.078897,6.756360
34950,7.669541,6.544624
34951,7.251528,6.328893
34952,6.825974,6.105958
34953,6.393886,5.879086
34954,5.953142,5.649789
34955,5.504041,5.416908
34956,12.068525,12.702466
34957,11.762712,12.114055
34958,11.462162,11.514896
34959,11.168011,10.905938
34960,10.879922,10.284861
34961,10.594820,9.654879
34962,10.312806,9.012620
34963,10.034485,8.359556
34964,9.763271,7.695544
34965,9.496549,7.020489
34966,9.235360,6.334139
34967,8.978734,5.636600
34968,8.730187,4.927965
34969,55.530765,7.969941
34970,55.219331,8.134504
34971,54.895357,8.301643
34972,54.560292,8.470066
34973,54.216064,8.644341
34974,53.861432,8.821576
34975,53.498331,9.003948
34976,53.127267,9.191173
34977,54.171056,11.098284
34978,53.950488,11.167332
34979,53.706432,11.245657
34980,53.438113,11.334616
34981,53.139156,11.431439
34982,52.817940,11.537936
34983,52.476278,11.652335
34984,52.114172,11.773767
34985,59.391767,25.297050
34986,59.631261,25.193090
34987,59.898638,25.077864
34988,60.190700,24.948747
34989,60.502815,24.808269
34990,60.832133,24.657822
34991,61.179600,24.495496
34992,61.543384,24.319854
34993,89.119326,28.457734
34994,89.579291,28.840738
34995,90.047353,29.225000
34996,90.522719,29.611362
34997,91.003174,30.002000
34998,91.488294,30.396457
34999,91.981537,30.792540
35000,92.482085,31.191339
35001,92.988833,31.596126
35002,93.502519,32.005417
35003,94.022970,32.419282
35004,94.548340,32.836647
35005,95.078478,33.257707
35006,95.612221,33.682447
35007,69.941814,38.276332
35008,70.007738,38.750731
35009,70.077291,39.234015
35010,70.150963,39.728491
35011,70.224846,40.232840
35012,70.298959,40.749426
35013,70.375285,41.274968
35014,70.452305,41.813210
35015,70.531735,42.360686
35016,70.613719,42.917696
35017,70.695823,43.484263
35018,70.778549,44.060532
35019,70.864108,44.643167
35020,70.951816,45.234304
35021,85.191103,41.423930
35022,85.841579,41.539363
35023,86.499334,41.657645
35024,87.165728,41.777632
35025,87.837755,41.902402
35026,88.516553,42.029442
35027,89.201119,42.158881
35028,89.892830,42.288245
35029,90.591352,42.420948
35030,91.296766,42.555281
35031,92.009839,42.691529
35032,92.728505,42.831195
35033,93.454197,42.974180
35034,94.187415,43.117262
35035,82.328631,41.041970
35036,83.018950,41.164399
35037,83.710423,41.297516
35038,84.403653,41.440383
35039,85.096105,41.596489
35040,85.789977,41.760070
35041,86.485470,41.934512
35042,87.182570,42.119961
35043,87.882688,42.314978
35044,88.581271,42.523093
35045,89.283810,42.739977
35046,89.988748,42.966558
35047,90.694425,43.201423
35048,91.398347,43.451151
35049,85.162980,28.688296
35050,85.715454,28.611429
35051,86.274052,28.530713
35052,86.840736,28.448156
35053,87.416107,28.363775
35054,87.998954,28.277865
35055,88.589419,28.192571
35056,89.187245,28.104304
35057,89.793603,28.015181
35058,90.408519,27.923174
35059,91.030708,27.831455
35060,91.660457,27.736535
35061,92.300267,27.639586
35062,92.947556,27.541921
35063,93.603326,27.443067
35064,94.264174,27.341895
35065,94.931334,27.240087
35066,95.605620,27.137174
35067,75.364323,12.144120
35068,75.826136,11.832709
35069,76.297426,11.519684
35070,76.777017,11.202391
35071,77.265697,10.885380
35072,77.762486,10.565264
35073,78.268414,10.244042
35074,78.783912,9.922234
35075,79.306652,9.595249
35076,79.837066,9.264354
35077,80.373496,8.931692
35078,80.919416,8.598183
35079,81.472378,8.261570
35080,82.032949,7.922928
35081,82.601507,7.582553
35082,83.175548,7.236950
35083,83.755322,6.887500
35084,84.341085,6.533325
35085,88.698792,24.187480
35086,89.285341,24.490205
35087,89.880558,24.794707
35088,90.481318,25.105983
35089,91.089553,25.417511
35090,91.704480,25.731014
35091,92.327611,26.048093
35092,92.956901,26.367984
35093,93.594164,26.688903
35094,94.239578,27.012679
35095,94.893238,27.340287
35096,95.555366,27.666822
35097,96.224425,27.997499
35098,96.900725,28.329900
35099,97.585348,28.664343
35100,98.275391,29.004569
35101,98.971133,29.348291
35102,99.673983,29.695925
35103,77.049286,13.325437
35104,77.660194,12.843700
35105,78.273627,12.352672
35106,78.890573,11.857827
35107,79.509002,11.356546
35108,80.128951,10.847802
35109,80.751808,10.331107
35110,81.375768,9.809562
35111,81.999967,9.280517
35112,82.625812,8.745183
35113,83.251409,8.200957
35114,83.874439,7.645961
35115,84.494438,7.081373
35116,85.113048,6.509920
35117,85.730487,5.931773
35118,86.345618,5.346193
35119,86.958937,4.754549
35120,87.568432,4.156982
35121,115.819441,8.363793
35122,115.517253,7.758822
35123,115.215549,7.144591
35124,114.915526,6.520674
35125,114.614367,5.887378
35126,114.311614,5.246993
35127,114.013103,4.593920
35128,113.714708,3.932097
35129,113.417390,3.259190
35130,118.387649,3.513007
35131,118.349682,3.255387
35132,118.308961,2.986298
35133,118.263819,2.703195
35134,118.215549,2.411370
35135,118.162616,2.106438
35136,118.106321,1.788320
35137,118.046542,1.458405
35138,117.984849,1.119062
35139,111.399648,10.669685
35140,111.337201,10.089472
35141,111.275659,9.499238
35142,111.214318,8.899164
35143,111.150738,8.289649
35144,111.087553,7.670028
35145,111.023210,7.042054
35146,110.962674,6.402388
35147,110.901780,5.752866
35148,115.468757,3.110403
35149,115.697687,2.985001
35150,115.934967,2.851660
35151,116.181330,2.711422
35152,116.437445,2.568090
35153,116.705121,2.421402
35154,116.982380,2.270726
35155,117.269957,2.117735
35156,117.567793,1.958220
35157,115.388611,6.659727
35158,114.915603,6.086316
35159,114.448996,5.499969
35160,113.988972,4.901209
35161,113.534949,4.291035
35162,113.086495,3.670541
35163,112.645293,3.036766
35164,112.211184,2.392094
35165,111.780981,1.737522
35166,57.111979,35.259362
35167,57.201694,35.774085
35168,57.288676,36.306875
35169,57.372962,36.854750
35170,57.452827,37.420358
35171,57.530355,37.997771
35172,57.606456,38.589786
35173,57.679245,39.192495
35174,57.751220,39.807825
35175,40.337293,35.234883
35176,40.154302,35.175855
35177,39.958139,35.111758
35178,39.753628,35.041849
35179,39.537943,34.968565
35180,39.310612,34.891360
35181,39.070522,34.811708
35182,38.818981,34.728870
35183,44.609352,34.609967
35184,44.536341,34.865017
35185,44.452947,35.144439
35186,44.365160,35.444212
35187,44.270906,35.762699
35188,44.171722,36.104390
35189,44.067473,36.463987
35190,43.957494,36.842013
35191,26.518874,37.228893
35192,26.107670,37.381094
35193,25.688191,37.537219
35194,25.260635,37.696619
35195,24.825819,37.857831
35196,24.382082,38.021826
35197,23.929090,38.187621
35198,23.466941,38.360246
35199,22.995804,38.539250
35200,22.517523,38.721221
35201,22.030329,38.906950
35202,21.534182,39.095444
35203,21.029633,39.287736
35204,20.519550,39.482504
35205,35.315578,23.712462
35206,35.029191,23.738307
35207,34.733536,23.768853
35208,34.425592,23.801133
35209,34.106433,23.835216
35210,33.776549,23.873992
35211,33.434973,23.914381
35212,33.082868,23.955322
35213,32.718208,23.999122
35214,32.345341,24.044218
35215,31.963811,24.089770
35216,31.575188,24.135219
35217,31.178089,24.184209
35218,30.772211,24.235523
35219,31.249944,45.147265
35220,30.780179,45.062380
35221,30.301730,44.973152
35222,29.814725,44.883308
35223,29.319522,44.789622
35224,28.815965,44.693572
35225,28.306273,44.591490
35226,27.787865,44.485538
35227,27.257197,44.377606
35228,26.718384,44.267591
35229,26.170211,44.156592
35230,25.615603,44.042177
35231,25.054571,43.923755
35232,24.485250,43.802781
35233,32.430470,24.532808
35234,32.379185,24.735749
35235,32.324657,24.949209
35236,32.269263,25.174454
35237,32.209708,25.411667
35238,32.147184,25.660196
35239,32.080767,25.917530
35240,32.012659,26.183703
35241,31.940581,26.460293
35242,31.865032,26.750048
35243,31.788671,27.050730
35244,31.711308,27.363558
35245,31.631876,27.686247
35246,31.551274,28.017260
35247,37.351732,32.514235
35248,37.143942,32.553421
35249,36.925265,32.595084
35250,36.693047,32.641556
35251,36.452163,32.694867
35252,36.199560,32.753349
35253,35.936271,32.816999
35254,35.661358,32.883699
35255,35.375845,32.957089
35256,35.079941,33.033202
35257,34.774958,33.113175
35258,34.460677,33.195817
35259,34.137907,33.284030
35260,33.806791,33.373060
35261,37.721609,40.394833
35262,37.459738,40.728617
35263,37.196410,41.070792
35264,36.931087,41.424447
35265,36.661036,41.785350
35266,36.385564,42.154808
35267,36.108033,42.535161
35268,35.825987,42.923163
35269,35.540831,43.322131
35270,35.253381,43.732432
35271,34.961859,44.151730
35272,34.665363,44.581520
35273,34.366623,45.019104
35274,34.064935,45.467646
35275,34.792233,42.137219
35276,33.982358,41.916099
35277,33.169836,41.686994
35278,32.356548,41.448394
35279,31.541213,41.199452
35280,30.724479,40.939788
35281,29.903856,40.673270
35282,29.079325,40.398319
35283,28.250741,40.117971
35284,27.420128,39.829302
35285,26.586164,39.532410
35286,25.749575,39.226720
35287,24.910042,38.915306
35288,24.068901,38.595229
35289,20.008372,15.466138
35290,20.016352,15.040414
35291,20.027487,14.605254
35292,20.040027,14.160450
35293,20.051771,13.706578
35294,20.064146,13.239590
35295,20.076033,12.761177
35296,20.085385,12.269792
35297,20.095933,11.765526
35298,15.098058,8.896085
35299,14.490751,8.841350
35300,13.877592,8.786729
35301,13.255520,8.729247
35302,12.626728,8.667233
35303,11.989194,8.604955
35304,11.343156,8.541661
35305,10.688163,8.476501
35306,10.025542,8.409674
35307,22.260924,14.875887
35308,22.011709,14.318457
35309,21.766334,13.749594
35310,21.528435,13.168623
35311,21.299074,12.574518
35312,21.073873,11.969101
35313,20.850484,11.353952
35314,20.632298,10.728978
35315,20.417625,10.092958
35316,3.549436,33.956359
35317,3.595647,34.172855
35318,3.644016,34.398382
35319,3.694520,34.635679
35320,3.749035,34.885323
35321,3.807781,35.146279
35322,3.871002,35.417645
35323,3.938413,35.700620
35324,4.011416,35.993137
35325,4.087262,36.296215
35326,4.166372,36.608442
35327,4.246696,36.934722
35328,4.331477,37.274866
35329,4.418385,37.623893
35330,4.505246,37.983920
35331,9.898802,28.683180
35332,10.020050,29.147120
35333,10.145085,29.619964
35334,10.273477,30.104483
35335,10.407246,30.597448
35336,10.547075,31.102584
35337,10.689631,31.616030
35338,10.835686,32.138016
35339,10.983780,32.671235
35340,11.132009,33.215741
35341,11.281529,33.766820
35342,11.431336,34.329432
35343,11.579747,34.904897
35344,11.728935,35.491702
35345,11.879896,36.087248
35346,14.164928,40.597347
35347,14.045476,40.946941
35348,13.920751,41.305807
35349,13.792859,41.675827
35350,13.660624,42.055102
35351,13.526210,42.447160
35352,13.387685,42.851876
35353,13.247175,43.267937
35354,13.101294,43.697443
35355,12.953458,44.136069
35356,12.803000,44.583191
35357,12.650025,45.038253
35358,12.493052,45.501523
35359,12.332675,45.973531
35360,12.167751,46.455985
35361,2.482583,35.262820
35362,2.414955,35.628767
35363,2.341819,36.015843
35364,2.263513,36.416580
35365,2.179051,36.838510
35366,2.091894,37.280235
35367,2.005649,37.739699
35368,1.917075,38.215038
35369,1.827526,38.707884
35370,1.738539,39.214265
35371,1.647568,39.739088
35372,1.552906,40.278308
35373,1.460634,40.831331
35374,1.373584,41.396295
35375,1.296004,41.974028
35376,50.393959,35.100653
35377,50.312355,35.464311
35378,50.225078,35.841624
35379,50.134531,36.231543
35380,50.039945,36.627934
35381,49.942124,37.033775
35382,49.840123,37.450538
35383,49.734921,37.877738
35384,49.626059,38.315027
35385,50.659514,43.233785
35386,50.971014,43.628121
35387,51.285506,44.030871
35388,51.603578,44.444334
35389,51.925077,44.864000
35390,52.249418,45.291380
35391,52.576661,45.727800
35392,52.908445,46.171747
35393,53.241597,46.624141
35394,43.325977,31.519130
35395,43.448090,32.131636
35396,43.566567,32.754527
35397,43.682584,33.386988
35398,43.795679,34.029356
35399,43.909575,34.679998
35400,44.019744,35.339772
35401,44.128045,36.008819
35402,44.234827,36.688961
35403,73.766799,23.269906
35404,73.639979,23.007863
35405,73.508742,22.736089
35406,73.372733,22.452654
35407,73.233181,22.157640
35408,73.090219,21.849098
35409,72.944687,21.529945
35410,72.792330,21.201662
35411,72.638012,20.863044
35412,72.480468,20.516182
35413,73.990331,6.880520
35414,73.771487,6.744058
35415,73.542428,6.601087
35416,73.302814,6.455565
35417,73.050279,6.304746
35418,72.787494,6.148755
35419,72.514986,5.988954
35420,72.233055,5.822054
35421,71.940342,5.649035
35422,71.640829,5.471823
35423,76.776550,16.212419
35424,76.632508,15.679560
35425,76.490388,15.127190
35426,76.347569,14.558627
35427,76.205996,13.976153
35428,76.064624,13.382022
35429,75.926196,12.775442
35430,75.795347,12.156337
35431,75.673071,11.522959
35432,75.554594,10.877641
35433,63.091394,27.253618
35434,62.771950,27.236023
35435,62.443488,27.217098
35436,62.104788,27.196055
35437,61.755411,27.172086
35438,61.397604,27.147154
35439,61.030188,27.120426
35440,65.502043,20.711990
35441,65.441737,20.864703
35442,65.375655,21.025059
35443,65.305318,21.193549
35444,65.231450,21.371855
35445,65.156719,21.560932
35446,65.077686,21.762702
35447,67.334199,25.953576
35448,66.987180,26.179279
35449,66.630197,26.416574
35450,66.265067,26.664353
35451,65.888357,26.921323
35452,65.502588,27.189420
35453,65.108601,27.467282
35454,75.687596,26.127593
35455,76.077201,25.656045
35456,76.463973,25.173210
35457,76.848750,24.680090
35458,77.232313,24.176805
35459,77.614937,23.666085
35460,77.997208,23.144967
35461,78.380286,22.614861
35462,78.764329,22.076454
35463,79.148640,21.527823
35464,79.530776,20.969773
35465,79.911706,20.403926
35466,80.292372,19.829468
35467,63.021765,14.705636
35468,63.649788,14.539232
35469,64.283470,14.372312
35470,64.924739,14.204543
35471,65.573352,14.031419
35472,66.229440,13.854200
35473,66.893543,13.671289
35474,67.565043,13.487722
35475,68.242665,13.301295
35476,68.928586,13.112608
35477,69.621394,12.918709
35478,70.323002,12.720803
35479,71.032728,12.521180
35480,63.859861,14.614817
35481,64.591425,14.679886
35482,65.320592,14.757856
35483,66.049352,14.844157
35484,66.778577,14.939647
35485,67.509529,15.039384
35486,68.241530,15.147560
35487,68.976548,15.262810
35488,69.710775,15.387519
35489,70.449240,15.519004
35490,71.190508,15.657074
35491,71.933748,15.801832
35492,72.677842,15.954730
35493,80.036599,47.689359
35494,80.253593,47.840866
35495,80.481422,47.994751
35496,80.718129,48.155314
35497,80.966340,48.322892
35498,81.222225,48.496629
35499,81.488408,48.673492
35500,81.765526,48.852257
35501,82.053418,49.036617
35502,82.349227,49.225787
35503,82.656230,49.416484
35504,82.972623,49.610884
35505,79.252933,35.746515
35506,79.537180,36.211872
35507,79.822976,36.688946
35508,80.112880,37.174424
35509,80.405720,37.671389
35510,80.697728,38.179788
35511,80.990199,38.696597
35512,81.281920,39.222049
35513,81.574011,39.757990
35514,81.865616,40.302644
35515,82.158196,40.857258
35516,82.449533,41.419332
35517,84.949102,39.644588
35518,85.415654,39.901299
35519,85.891986,40.160007
35520,86.375691,40.424175
35521,86.867010,40.690044
35522,87.368465,40.958565
35523,87.877308,41.230096
35524,88.395063,41.503261
35525,88.921636,41.778773
35526,89.458518,42.057380
35527,90.003052,42.337932
35528,90.555722,42.623106
35529,78.815288,36.739922
35530,79.051623,37.272390
35531,79.286333,37.816219
35532,79.519885,38.370818
35533,79.750204,38.939223
35534,79.979024,39.518542
35535,80.204432,40.108359
35536,80.425335,40.709872
35537,80.644205,41.322294
35538,80.859265,41.945854
35539,81.072658,42.581798
35540,81.283667,43.226216
35541,90.011690,27.824772
35542,90.343186,27.974791
35543,90.686497,28.127746
35544,91.039545,28.286549
35545,91.401604,28.450473
35546,91.770808,28.618854
35547,92.149306,28.791101
35548,92.534753,28.968343
35549,92.929783,29.148551
35550,93.335572,29.332664
35551,93.749356,29.520267
35552,94.171864,29.709056
35553,84.940271,45.733988
35554,85.220274,45.912820
35555,85.510226,46.097435
35556,85.812636,46.287518
35557,86.126863,46.484362
35558,86.451700,46.683848
35559,86.788150,46.886972
35560,87.135542,47.094237
35561,87.492235,47.305565
35562,87.859295,47.518234
35563,88.236183,47.732867
35564,88.622964,47.951210
35565,87.496993,31.458623
35566,87.578020,31.588231
35567,87.663539,31.727339
35568,87.757574,31.876191
35569,87.855257,32.035663
35570,87.960579,32.203984
35571,88.071827,32.381820
35572,88.189400,32.569328
35573,88.313450,32.765516
35574,88.444461,32.972520
35575,88.580379,33.185536
35576,88.721645,33.407179
35577,83.117841,29.976330
35578,83.172349,30.743052
35579,83.224119,31.520656
35580,83.274674,32.306183
35581,83.321110,33.100705
35582,83.361366,33.904792
35583,83.399182,34.719523
35584,83.432834,35.544980
35585,83.463746,36.378580
35586,83.490061,37.223394
35587,83.513632,38.077492
35588,83.535456,38.941340
35589,92.094923,31.612581
35590,92.304819,31.905494
35591,92.523460,32.208361
35592,92.751850,32.521203
35593,92.986172,32.845418
35594,93.227290,33.181095
35595,93.473465,33.527483
35596,93.725647,33.882422
35597,93.982020,34.247274
35598,94.242007,34.621418
35599,94.503738,35.003854
35600,94.773530,35.396448
35601,95.045992,35.799571
35602,90.624069,37.210483
35603,90.699656,37.235010
35604,90.786563,37.262995
35605,90.881161,37.294887
35606,90.987548,37.331435
35607,91.103659,37.372919
35608,91.227949,37.417100
35609,91.359007,37.464785
35610,91.499186,37.515632
35611,91.648266,37.567964
35612,91.808137,37.625677
35613,91.978918,37.683667
35614,92.159692,37.741674
35615,95.876775,46.655040
35616,96.166168,46.784958
35617,96.468078,46.921621
35618,96.780098,47.062826
35619,97.101630,47.210920
35620,97.432939,47.361094
35621,97.773619,47.513866
35622,98.123331,47.669926
35623,98.482157,47.829984
35624,98.851689,47.991427
35625,99.231723,48.157172
35626,99.620299,48.327136
35627,100.019874,48.502183
35628,89.781764,39.839258
35629,90.071227,40.256641
35630,90.360768,40.688734
35631,90.651976,41.135104
35632,90.943692,41.597205
35633,91.232916,42.074946
35634,91.519831,42.566183
35635,91.803561,43.070054
35636,92.084018,43.588658
35637,92.363560,44.119377
35638,92.641381,44.661033
35639,92.913843,45.214036
35640,93.185946,45.779039
35641,98.920215,11.476984
35642,99.587647,11.054673
35643,100.260412,10.631881
35644,100.936277,10.204638
35645,101.614974,9.774903
35646,102.299166,9.340484
35647,102.988873,8.903383
35648,103.683455,8.464755
35649,104.382941,8.022378
35650,105.086546,7.577742
35651,105.793806,7.130715
35652,106.505394,6.682772
35653,107.221308,6.229521
35654,107.942315,5.775420
35655,108.668680,5.320261
35656,93.628566,18.068590
35657,93.877238,18.776666
35658,94.126285,19.492808
35659,94.378562,20.217400
35660,94.626673,20.951952
35661,94.872959,21.694206
35662,95.119651,22.442849
35663,95.361790,23.201266
35664,95.601555,23.967214
35665,95.836841,24.739362
35666,96.068378,25.520870
35667,96.297398,26.310805
35668,96.521607,27.108985
35669,96.740584,27.916270
35670,96.954253,28.732459
35671,98.733503,19.479009
35672,99.355294,19.173289
35673,99.984291,18.866551
35674,100.620873,18.556771
35675,101.265509,18.246157
35676,101.916513,17.930975
35677,102.574911,17.612523
35678,103.241806,17.292076
35679,103.917356,16.968556
35680,104.600590,16.645147
35681,105.288983,16.318179
35682,105.985014,15.990162
35683,106.686655,15.659331
35684,107.393323,15.324663
35685,108.103893,14.988602
35686,99.528347,10.862746
35687,100.208146,10.457962
35688,100.890024,10.043598
35689,101.575558,9.622561
35690,102.261201,9.192578
35691,102.950948,8.755720
35692,103.642315,8.309325
35693,104.334968,7.857945
35694,105.030082,7.398017
35695,105.727306,6.928544
35696,106.424873,6.451862
35697,107.125811,5.969847
35698,107.830734,5.482948
35699,108.539759,4.988682
35700,109.249052,4.486995
35701,97.685643,17.158147
35702,98.067619,17.531718
35703,98.454706,17.911843
35704,98.847618,18.298507
35705,99.247030,18.688593
35706,99.652583,19.084612
35707,100.062001,19.486126
35708,100.477200,19.894204
35709,100.894481,20.305918
35710,101.315718,20.721292
35711,85.502989,8.326922
35712,85.265306,7.944667
35713,85.028265,7.550141
35714,84.789203,7.147471
35715,84.548673,6.735041
35716,84.306349,6.310480
35717,84.063213,5.879204
35718,83.819669,5.438848
35719,83.574347,4.987643
35720,83.328536,4.526404
35721,90.568341,11.939304
35722,90.346259,11.403667
35723,90.125467,10.850443
35724,89.908610,10.281374
35725,89.696800,9.697388
35726,89.488318,9.102698
35727,89.282678,8.495085
35728,89.080331,7.876276
35729,88.883537,7.244636
35730,88.690661,6.602994
35731,70.886526,37.452750
35732,70.305570,37.133729
35733,69.716271,36.814787
35734,69.121334,36.492193
35735,68.520764,36.166032
35736,67.914429,35.836198
35737,67.298253,35.504723
35738,66.674964,35.168513
35739,66.045979,34.828895
35740,65.410739,34.482903
35741,64.767595,34.137043
35742,64.117394,33.790912
35743,63.460447,33.439891
35744,68.304716,44.669634
35745,68.010224,44.764121
35746,67.706437,44.861139
35747,67.388428,44.964610
35748,67.059584,45.072370
35749,66.719588,45.183875
35750,66.369398,45.301123
35751,66.007874,45.418693
35752,65.637234,45.540082
35753,65.259017,45.665073
35754,64.867853,45.792181
35755,64.467727,45.924450
35756,64.061128,46.059181
35757,70.165739,44.721163
35758,69.804258,44.814904
35759,69.423467,44.920497
35760,69.028488,45.039306
35761,68.615916,45.167104
35762,68.193478,45.308363
35763,67.759503,45.463159
35764,67.313217,45.627824
35765,66.856202,45.804169
35766,66.389555,45.992226
35767,65.910445,46.189863
35768,65.420696,46.398580
35769,64.922252,46.614016
35770,64.335070,44.927130
35771,64.225405,45.386554
35772,64.111783,45.856262
35773,63.996426,46.336025
35774,63.878321,46.826382
35775,63.758385,47.324583
35776,63.637247,47.831532
35777,63.515671,48.346920
35778,63.394273,48.871900
35779,67.145830,35.525503
35780,67.015208,36.049875
35781,66.882178,36.585006
35782,66.747708,37.131400
35783,66.611916,37.687102
35784,66.474701,38.253109
35785,66.334942,38.829220
35786,66.196682,39.416877
35787,66.058088,40.014184
35788,68.286427,38.360585
35789,68.050503,38.729641
35790,67.809257,39.117321
35791,67.563627,39.520447
35792,67.315099,39.940779
35793,67.063444,40.380398
35794,66.810829,40.836475
35795,66.556426,41.308152
35796,66.303127,41.795299
35797,14.379337,38.124110
35798,14.654542,38.718098
35799,14.929137,39.320422
35800,15.201439,39.930679
35801,15.468823,40.549493
35802,27.734048,6.470199
35803,27.950181,6.494076
35804,28.177941,6.520922
35805,28.417261,6.550514
35806,28.666272,6.585037
35807,28.924780,6.621067
35808,29.195114,6.659332
35809,29.476501,6.698426
35810,29.768658,6.738594
35811,30.073178,6.782252
35812,30.389484,6.826620
35813,26.033226,13.876347
35814,26.102389,13.670742
35815,26.175989,13.455338
35816,26.251090,13.228939
35817,26.330748,12.990185
35818,26.412111,12.738484
35819,26.499050,12.475889
35820,26.587306,12.202607
35821,26.681008,11.920813
35822,26.781053,11.626883
35823,26.886184,11.318173
35824,21.512622,8.008671
35825,21.928688,7.937501
35826,22.354690,7.856993
35827,22.795843,7.767070
35828,23.246815,7.665023
35829,23.707387,7.551319
35830,24.176433,7.428308
35831,24.656020,7.296078
35832,25.145438,7.153508
35833,25.643067,7.001684
35834,26.151023,6.839330
35835,55.261066,25.314455
35836,55.634045,25.186287
35837,56.015387,25.053797
35838,56.408820,24.918881
35839,56.813372,24.780894
35840,57.226826,24.640137
35841,57.649293,24.497278
35842,58.080815,24.348960
35843,58.520066,24.199694
35844,58.967233,24.047194
35845,59.424660,23.892707
35846,59.890148,23.734157
35847,60.364133,23.573828
35848,60.846107,23.410433
35849,61.337518,23.244670
35850,61.838152,23.076678
35851,62.348808,22.907066
35852,62.867302,22.734964
35853,63.391969,22.560795
35854,63.926090,22.382875
35855,64.468688,22.204302
35856,65.020637,22.023703
35857,65.579953,21.837020
35858,39.570720,20.391673
35859,39.512246,19.923185
35860,39.451921,19.444448
35861,39.389378,18.955005
35862,39.326588,18.453992
35863,39.261124,17.942615
35864,39.190825,17.421363
35865,39.119292,16.890061
35866,39.046345,16.348741
35867,38.972784,15.796137
35868,38.894806,15.233234
35869,38.815457,14.662963
35870,38.736306,14.082863
35871,38.658557,13.492783
35872,38.580672,12.894303
35873,38.501976,12.284428
35874,38.424538,11.664420
35875,38.347606,11.033712
35876,38.272864,10.393958
35877,38.198799,9.745352
35878,38.125619,9.086154
35879,38.052739,8.419220
35880,37.980316,7.741159
35881,37.821747,10.133539
35882,38.351339,9.725792
35883,38.887161,9.312835
35884,39.431140,8.894829
35885,39.983958,8.477214
35886,40.545360,8.057945
35887,41.112623,7.633666
35888,41.686198,7.206457
35889,42.268975,6.776878
35890,42.857958,6.345414
35891,43.452982,5.909409
35892,44.054413,5.469902
35893,44.660614,5.024921
35894,45.273352,4.577528
35895,45.891683,4.125626
35896,46.513944,3.668845
35897,47.140110,3.207227
35898,47.768241,2.740298
35899,48.402120,2.300189
35900,49.040529,1.890624
35901,49.682904,1.516759
35902,50.329527,1.187859
35903,50.980854,0.901236
35904,33.655532,12.241012
35905,33.262860,11.971220
35906,32.861345,11.698522
35907,32.451932,11.423342
35908,32.033870,11.144207
35909,31.609208,10.859929
35910,31.178370,10.571732
35911,30.740928,10.279643
35912,30.295716,9.982359
35913,29.843571,9.680403
35914,29.384048,9.375233
35915,28.916826,9.069191
35916,28.439197,8.759375
35917,27.953262,8.446335
35918,27.461303,8.129759
35919,26.963442,7.809808
35920,26.458869,7.483640
35921,25.945651,7.151221
35922,25.424793,6.814347
35923,24.899836,6.473337
35924,24.370188,6.129048
35925,23.834704,5.779962
35926,23.295268,5.425019
35927,37.255053,8.804174
35928,37.850939,8.332946
35929,38.451256,7.857511
35930,39.054856,7.375960
35931,39.660836,6.887308
35932,40.269240,6.392622
35933,40.878954,5.890702
35934,41.491288,5.382195
35935,42.105125,4.866549
35936,42.719466,4.343554
35937,43.333444,3.814662
35938,43.947092,3.277161
35939,44.563373,2.735057
35940,45.178061,2.187655
35941,45.791760,1.649196
35942,46.404264,1.165241
35943,47.015276,0.773424
35944,47.624523,0.481122
35945,48.231538,0.302971
35946,48.835759,0.186901
35947,49.438244,0.119477
35948,50.036259,0.077702
35949,50.630349,0.049544
155636,57.389147,21.295430
155637,57.531461,20.823667
155638,57.675415,20.343384
155639,57.823507,19.855570
155640,57.974088,19.356335
155641,58.126346,18.845708
155642,58.278541,18.324009
155643,58.432623,17.791362
155644,58.589795,17.250254
155645,58.747601,16.699160
155646,58.905501,16.135242
155647,57.942724,8.287738
155648,58.296529,8.212419
155649,58.659841,8.131435
155650,59.033233,8.046154
155651,59.416451,7.955792
155652,59.809516,7.862985
155653,60.211498,7.766703
155654,60.623216,7.664935
155655,61.043657,7.561481
155656,61.471316,7.455926
155657,61.909533,7.345600
155658,55.999827,16.443904
155659,56.202143,15.988538
155660,56.401885,15.514368
155661,56.605786,15.023692
155662,56.811715,14.512852
155663,57.019800,13.985681
155664,57.226942,13.442323
155665,57.434074,12.887046
155666,57.638395,12.319588
155667,57.841437,11.741014
155668,58.041863,11.150528
155669,68.097294,38.118291
155670,68.144566,38.834235
155671,68.188989,39.558432
155672,68.232656,40.289367
155673,68.274908,41.028962
155674,68.318010,41.778791
155675,68.358580,42.536827
155676,68.396077,43.304274
155677,68.430106,44.082357
155678,68.465067,44.869879
155679,70.716028,30.343383
155680,71.078747,30.855029
155681,71.442166,31.376283
155682,71.805030,31.906984
155683,72.169365,32.446872
155684,72.535332,32.994306
155685,72.901057,33.549214
155686,73.263917,34.112255
155687,73.626411,34.686261
155688,73.985898,35.271569
155689,73.556233,34.092734
155690,73.908985,34.724253
155691,74.258348,35.366099
155692,74.602633,36.017912
155693,74.941414,36.681711
155694,75.277364,37.355660
155695,75.610448,38.039724
155696,75.939509,38.733533
155697,76.264628,39.437345
155698,76.584729,40.152266
155699,75.314032,42.270222
155700,75.425028,42.806933
155701,75.532265,43.360691
155702,75.636368,43.931238
155703,75.739848,44.514043
155704,75.840115,45.113163
155705,75.936174,45.724220
155706,76.027483,46.347800
155707,90.289709,47.359683
155708,90.727047,47.633998
155709,91.172617,47.914989
155710,91.628052,48.200968
155711,92.091688,48.491683
155712,92.564357,48.782082
155713,93.046882,49.076308
155714,93.536797,49.376422
155715,94.035712,49.679039
155716,94.542702,49.984252
155717,95.058776,50.291934
155718,95.581854,50.603128
155719,96.115194,50.919049
155720,96.655842,51.233133
155721,97.203902,51.546474
155722,97.759767,51.855328
155723,89.392338,33.914687
155724,89.526775,34.320696
155725,89.665041,34.736736
155726,89.806059,35.163069
155727,89.948943,35.599299
155728,90.094446,36.044942
155729,90.243705,36.499212
155730,90.395541,36.961714
155731,90.551047,37.435188
155732,90.708756,37.916825
155733,90.869364,38.407755
155734,91.030575,38.909846
155735,91.195741,39.421613
155736,91.362964,39.942725
155737,91.530818,40.473151
155738,91.701488,41.013762
155739,89.358726,47.696877
155740,89.899123,48.074429
155741,90.442817,48.458673
155742,90.990181,48.851478
155743,91.536487,49.258718
155744,92.085193,49.676683
155745,92.637105,50.105330
155746,93.186098,50.547369
155747,93.737885,50.998370
155748,94.290744,51.461128
155749,94.845056,51.930744
155750,95.400190,52.383757
155751,95.959566,52.754331
155752,96.520234,53.005239
155753,97.079880,53.153903
155754,97.639039,53.232745
155755,110.232074,43.685942
155756,110.438669,44.170234
155757,110.645931,44.665405
155758,110.856591,45.169575
155759,111.068298,45.683224
155760,111.283587,46.204806
155761,111.499622,46.737243
155762,111.717530,47.280262
155763,111.935515,47.831083
155764,112.153425,48.389629
155765,112.367899,48.958982
155766,110.203102,37.926322
155767,110.031638,38.294784
155768,109.857890,38.670045
155769,109.682054,39.055042
155770,109.503234,39.451730
155771,109.318106,39.858580
155772,109.130938,40.278124
155773,108.940921,40.710696
155774,108.748901,41.154176
155775,108.553692,41.605014
155776,108.355683,42.063553
155777,114.298886,42.116305
155778,114.637056,42.682289
155779,114.971408,43.258094
155780,115.299922,43.843490
155781,115.625941,44.438567
155782,115.947174,45.045419
155783,116.266306,45.662076
155784,116.581219,46.289507
155785,116.892735,46.927783
155786,117.198676,47.577290
155787,117.501222,48.235879
155788,31.944540,37.633257
155789,32.173997,37.334572
155790,32.410890,37.026281
155791,32.652773,36.707684
155792,32.897490,36.378263
155793,33.147060,36.038829
155794,33.402282,35.689721
155795,33.661801,35.329707
155796,33.923549,34.957686
155797,34.186623,34.576998
155798,29.689043,38.962945
155799,29.651968,39.586653
155800,29.614919,40.220905
155801,29.580151,40.864861
155802,29.546096,41.517650
155803,29.516272,42.180421
155804,29.484254,42.851459
155805,29.454320,43.532027
155806,29.427743,44.223717
155807,29.403471,44.924917
155808,27.719220,40.603867
155809,28.044435,41.168495
155810,28.367339,41.743176
155811,28.686909,42.327022
155812,29.004752,42.921241
155813,29.319022,43.524215
155814,29.632371,44.137426
155815,29.945068,44.758562
155816,30.253584,45.390176
155817,30.557132,46.032559
155818,32.973682,43.053859
155819,33.162585,43.417272
155820,33.354740,43.791828
155821,33.548123,44.174974
155822,33.741785,44.567514
155823,33.937883,44.972965
155824,34.137575,45.387436
155825,34.341191,45.813674
155826,34.548988,46.252144
155827,34.757225,46.701677
155828,25.806943,37.868018
155829,25.908418,38.206263
155830,26.014145,38.557714
155831,26.125013,38.923435
155832,26.243133,39.300270
155833,26.365659,39.688911
155834,26.492440,40.088685
155835,26.622934,40.500805
155836,26.755429,40.926666
155837,26.890237,41.361202
155838,27.425766,42.305943
155839,27.765458,42.825309
155840,28.101519,43.354604
155841,28.432596,43.893502
155842,28.761524,44.443303
155843,29.086116,45.006052
155844,29.407793,45.579973
155845,29.727006,46.163434
155846,30.041588,46.757737
155847,30.354560,47.363031
155848,37.058197,50.366094
155849,37.713016,50.643309
155850,38.374138,50.925136
155851,39.041971,51.210048
155852,39.716781,51.498648
155853,40.399375,51.787431
155854,41.089420,52.079901
155855,41.787359,52.375336
155856,42.491766,52.661533
155857,43.204028,52.909992
155858,43.923358,53.095352
155859,44.648123,53.193980
155860,45.380251,53.243676
155861,36.134693,37.607152
155862,36.271894,38.182976
155863,36.410188,38.769480
155864,36.546344,39.366608
155865,36.683131,39.973286
155866,36.820790,40.588598
155867,36.956054,41.215524
155868,37.090696,41.853438
155869,37.223391,42.499607
155870,37.353698,43.158177
155871,37.483570,43.825253
155872,37.615126,44.498723
155873,37.743569,45.182980
155874,36.578488,51.390585
155875,37.186276,51.660200
155876,37.794315,51.940934
155877,38.404796,52.233367
155878,39.015022,52.537869
155879,39.628552,52.850668
155880,40.242084,53.112840
155881,40.855963,53.230214
155882,41.470281,53.274736
155883,42.083832,53.290771
155884,42.696019,53.295716
155885,43.307043,53.297925
155886,43.921476,53.298911
155887,39.693283,20.405255
155888,39.802355,19.807386
155889,39.909630,19.197137
155890,40.011781,18.573622
155891,40.109501,17.938579
155892,40.201280,17.289354
155893,40.291388,16.628525
155894,75.617596,29.769323
155895,75.590282,29.648806
155896,75.558966,29.520057
155897,75.520864,29.381241
155898,75.480424,29.232679
155899,75.434040,29.073648
155900,75.382811,28.904958
155901,76.785704,29.726609
155902,76.670596,29.261694
155903,76.551666,28.785742
155904,76.431691,28.299164
155905,76.307852,27.803466
155906,76.181506,27.298422
155907,76.052386,26.783549
155908,78.712961,26.965812
155909,78.500092,26.322001
155910,78.294596,25.665398
155911,78.095955,24.997011
155912,77.903927,24.317467
155913,77.719884,23.624811
155914,77.541685,22.921645
155915,71.508489,14.104978
155916,71.653237,13.651392
155917,71.800165,13.185489
155918,71.946173,12.705797
155919,72.095341,12.214887
155920,72.247871,11.717643
155921,72.398993,11.209904
155922,72.552034,10.695313
155923,72.705101,10.168206
155924,72.862088,9.632930
155925,73.018731,9.087545
155926,73.176322,8.531750
155927,73.334430,7.963421
155928,73.494861,7.386679
155929,73.656158,6.799929
155930,73.815230,6.203351
155931,73.970411,5.594464
155932,74.124566,4.976051
155933,58.036931,11.911515
155934,58.269281,12.351342
155935,58.506742,12.799986
155936,58.747463,13.256851
155937,58.992933,13.721350
155938,59.242990,14.196353
155939,59.493066,14.678812
155940,59.745673,15.171923
155941,60.001077,15.675866
155942,60.258128,16.191365
155943,60.515375,16.715032
155944,60.773871,17.248828
155945,61.029835,17.792684
155946,61.287470,18.344922
155947,61.546025,18.906752
155948,61.805615,19.478727
155949,62.065540,20.058654
155950,62.328288,20.645120
155951,60.806183,17.757834
155952,61.063128,17.671019
155953,61.333169,17.581492
155954,61.614119,17.488711
155955,61.904697,17.391804
155956,62.206327,17.291497
155957,62.518742,17.186960
155958,62.841709,17.075548
155959,63.174435,16.958147
155960,63.516802,16.836538
155961,63.867363,16.712948
155962,64.227016,16.583621
155963,64.597764,16.449799
155964,64.977912,16.312736
155965,65.367662,16.171313
155966,65.768507,16.027183
155967,66.174010,15.881049
155968,66.587535,15.732477
155969,64.593401,14.093822
155970,65.191198,13.711681
155971,65.790671,13.325192
155972,66.394609,12.931659
155973,67.004614,12.532318
155974,67.615627,12.126022
155975,68.230181,11.711877
155976,68.847893,11.291478
155977,69.469094,10.861650
155978,70.095110,10.424424
155979,70.720799,9.979141
155980,71.347947,9.529953
155981,71.979643,9.074107
155982,72.612120,8.609288
155983,73.245409,8.138605
155984,73.879627,7.658756
155985,74.513888,7.173590
155986,75.148285,6.681830
155987,65.667966,20.990721
155988,66.016636,20.817002
155989,66.376136,20.638985
155990,66.744763,20.458573
155991,67.123377,20.273308
155992,67.511623,20.084433
155993,67.910942,19.891578
155994,68.320655,19.693972
155995,68.738597,19.492843
155996,69.165590,19.291984
155997,69.601118,19.085866
155998,70.046292,18.877081
155999,70.500117,18.663971
156000,68.259533,13.819647
156001,68.499888,13.711053
156002,68.748760,13.596666
156003,69.008883,13.481508
156004,69.280439,13.360887
156005,69.558315,13.237634
156006,69.848341,13.109196
156007,70.152238,12.975751
156008,70.465424,12.838134
156009,70.789454,12.695716
156010,71.121695,12.550440
156011,71.467200,12.400769
156012,71.823975,12.247601
156013,64.043160,15.748497
156014,64.248821,15.314213
156015,64.456966,14.868718
156016,64.667164,14.415018
156017,64.878833,13.950042
156018,65.091993,13.476871
156019,65.308321,12.997406
156020,65.527004,12.506307
156021,65.747481,12.001768
156022,65.968397,11.487373
156023,66.190379,10.960656
156024,66.412244,10.420194
156025,66.636669,9.869709
156026,59.565585,14.021186
156027,59.788009,13.300824
156028,60.007191,12.570297
156029,60.219425,11.828025
156030,60.425543,11.075401
156031,60.627609,10.314527
156032,60.825286,9.544630
156033,61.019932,8.767264
156034,61.209941,7.981434
156035,61.391844,7.185735
156036,61.567352,6.380289
156037,61.733635,5.565453
156038,61.893848,4.741340
156039,78.411327,44.981907
156040,78.921508,45.289744
156041,79.437954,45.599061
156042,79.961292,45.911797
156043,80.492781,46.228713
156044,81.031965,46.549133
156045,81.579545,46.871001
156046,82.133498,47.195763
156047,82.691339,47.523015
156048,83.256345,47.849851
156049,83.827305,48.178681
156050,84.406225,48.513772
156051,84.991889,48.853308
156052,74.956506,41.076558
156053,75.391176,41.468052
156054,75.831852,41.864056
156055,76.279180,42.262590
156056,76.734496,42.662617
156057,77.197609,43.068029
156058,77.667376,43.476674
156059,78.142846,43.887520
156060,78.624693,44.302869
156061,79.110986,44.721935
156062,79.602416,45.146803
156063,80.099827,45.577008
156064,80.603330,46.010743
156065,73.444897,42.169070
156066,73.710589,42.682110
156067,73.976767,43.204680
156068,74.241232,43.737102
156069,74.503672,44.280899
156070,74.764797,44.835912
156071,75.025195,45.400917
156072,75.279093,45.978236
156073,75.528316,46.566388
156074,75.775163,47.165616
156075,76.021545,47.773897
156076,76.266035,48.392078
156077,76.509114,49.020856
156078,68.807760,13.456648
156079,68.544704,13.132529
156080,68.278589,12.799324
156081,68.010803,12.456659
156082,67.739804,12.104031
156083,67.466459,11.740730
156084,67.188996,11.367665
156085,66.906959,10.985503
156086,66.619208,10.595476
156087,66.330198,10.196815
156088,66.036531,9.791887
156089,65.741568,9.376752
156090,65.440613,8.952112
156091,65.134503,8.519789
156092,64.824269,8.079774
156093,64.512422,7.629449
156094,64.197013,7.171416
156095,63.881723,6.701144
156096,63.564393,6.222196
156097,63.242756,5.733852
156098,62.922796,5.237299
156099,62.599111,4.731916
156100,62.278846,4.217322
156101,61.956928,3.694024
156102,73.218147,7.704040
156103,73.391226,7.486366
156104,73.572642,7.255655
156105,73.759577,7.014527
156106,73.952351,6.763383
156107,74.150858,6.501961
156108,74.355128,6.231323
156109,74.564696,5.952069
156110,74.778630,5.662951
156111,74.998268,5.363820
156112,75.223340,5.055486
156113,75.452487,4.736644
156114,75.688051,4.408447
156115,75.926552,4.072535
156116,76.172808,3.727114
156117,76.425121,3.373079
156118,76.679316,3.012413
156119,76.939077,2.650557
156120,77.202167,2.285043
156121,77.469531,1.930227
156122,77.740062,1.601699
156123,78.014910,1.322398
156124,78.292206,1.108584
156125,78.569164,0.952328
156126,61.594349,26.423716
156127,61.256831,25.957888
156128,60.920701,25.481558
156129,60.584869,24.992099
156130,60.247896,24.491243
156131,59.911282,23.979558
156132,59.573468,23.458357
156133,59.235114,22.926314
156134,58.895728,22.384479
156135,58.555046,21.835017
156136,58.213682,21.276746
156137,57.869836,20.710612
156138,57.525805,20.135129
156139,57.183284,19.548898
156140,56.843488,18.950948
156141,56.503395,18.342915
156142,56.165186,17.727994
156143,55.827695,17.102449
156144,55.490153,16.466351
156145,55.153371,15.822615
156146,54.816647,15.170848
156147,54.479775,14.510754
156148,54.145533,13.840588
156149,53.812866,13.161720
156150,69.518847,13.157612
156151,69.065684,12.730356
156152,68.610647,12.294928
156153,68.156333,11.847579
156154,67.706538,11.387639
156155,67.259137,10.916477
156156,66.813524,10.434664
156157,66.369888,9.942909
156158,65.932036,9.441640
156159,65.498196,8.929578
156160,65.068514,8.408491
156161,64.646747,7.874094
156162,64.228332,7.330833
156163,63.813626,6.775605
156164,63.401364,6.208792
156165,62.994168,5.633149
156166,62.589593,5.047195
156167,62.189442,4.450655
156168,61.793842,3.843916
156169,61.401929,3.229590
156170,61.012630,2.608044
156171,60.630059,1.991496
156172,60.250844,1.432259
156173,59.876068,1.001250
156174,29.051309,21.792470
156175,28.908263,21.471731
156176,28.763662,21.137879
156177,28.613807,20.793286
156178,28.460672,20.439055
156179,28.303843,20.072792
156180,28.144357,19.695267
156181,27.983734,19.310873
156182,27.819269,18.917504
156183,27.653019,18.515566
156184,27.481738,18.104648
156185,27.309075,17.682762
156186,21.314131,14.869201
156187,21.554750,14.849195
156188,21.821031,14.819808
156189,22.112451,14.784963
156190,22.432649,14.743329
156191,22.774589,14.695204
156192,23.131664,14.638957
156193,23.511519,14.580810
156194,23.910109,14.517249
156195,24.322641,14.449408
156196,24.750004,14.375297
156197,25.192472,14.294264
156198,27.990660,34.385341
156199,28.096342,34.601829
156200,28.207145,34.829239
156201,28.321351,35.071223
156202,28.442441,35.326727
156203,28.568552,35.595998
156204,28.700431,35.876153
156205,28.838305,36.166035
156206,26.659156,34.790248
156207,26.634107,35.053769
156208,26.603130,35.339103
156209,26.567951,35.639832
156210,26.528281,35.960815
156211,26.483873,36.300358
156212,26.435084,36.664696
156213,26.387165,37.047991
156214,78.348324,46.569668
156215,78.134564,47.107319
156216,77.921123,47.655052
156217,77.705907,48.211019
156218,77.490141,48.774411
156219,77.278796,49.351237
156220,77.067882,49.936337
156221,76.859692,50.530758
156222,76.652158,51.133570
156223,76.447107,51.748115
156224,76.243071,52.372116
156225,76.041491,52.894120
156226,84.889273,46.876504
156227,84.561713,47.442253
156228,84.239048,48.018395
156229,83.922503,48.604604
156230,83.607878,49.200843
156231,83.297477,49.807701
156232,82.989464,50.424944
156233,82.687469,51.054258
156234,82.389460,51.694759
156235,82.096947,52.344356
156236,81.808395,52.940968
156237,81.524508,53.246608
156238,71.349422,39.806818
156239,71.404526,39.735388
156240,71.465956,39.654131
156241,71.534135,39.566270
156242,71.607528,39.469728
156243,71.686568,39.365086
156244,71.770923,39.254217
156245,77.517194,39.938323
156246,77.251653,40.387238
156247,76.985121,40.846738
156248,76.718257,41.316149
156249,76.450224,41.798942
156250,76.177558,42.291066
156251,75.908338,42.791339
156252,75.498545,39.155799
156253,75.227317,39.199305
156254,74.928753,39.250348
156255,74.603533,39.308856
156256,74.253710,39.372246
156257,73.883233,39.442494
156258,73.497312,39.522068
156259,59.562514,19.262014
156260,59.296140,19.470438
156261,59.019564,19.684559
156262,58.734887,19.905121
156263,58.443160,20.131309
156264,58.140832,20.362274
156265,57.829000,20.600817
156266,57.508529,20.845292
156267,57.182692,21.092738
156268,56.849400,21.346064
156269,74.227489,29.432215
156270,74.211559,29.164739
156271,74.195261,28.884127
156272,74.176698,28.592992
156273,74.155265,28.288806
156274,74.133084,27.972572
156275,74.108545,27.646014
156276,74.083394,27.306718
156277,74.058331,26.957053
156278,74.030852,26.595325
156279,62.721489,32.726615
156280,62.638342,32.389123
156281,62.548659,32.038326
156282,62.455509,31.678153
156283,62.358167,31.306096
156284,62.255630,30.922787
156285,62.149525,30.530882
156286,62.041526,30.128369
156287,61.932897,29.710797
156288,61.819493,29.283922
156289,71.051603,19.433246
156290,71.008835,19.277323
156291,70.961962,19.113835
156292,70.912059,18.941895
156293,70.856024,18.761935
156294,70.796437,18.569115
156295,70.734506,18.363784
156296,70.668569,18.151112
156297,70.598120,17.927143
156298,70.523134,17.691566
156299,67.033500,21.989719
156300,66.646821,22.426960
156301,66.260270,22.878659
156302,65.876479,23.343272
156303,65.491812,23.819299
156304,65.105787,24.304807
156305,64.722450,24.803428
156306,64.340778,25.311989
156307,63.961421,25.831797
156308,63.587400,26.361546
156309,39.804213,28.788999
156310,39.785559,28.618493
156311,39.763607,28.439214
156312,39.740574,28.251883
156313,39.715276,28.053049
156314,39.689134,27.842703
156315,39.657648,27.623101
156316,39.627351,27.393854
156317,39.594006,27.154360
156318,39.557566,26.906118
156319,56.225189,27.643639
156320,56.461199,27.811643
156321,56.707026,27.986211
156322,56.964899,28.162078
156323,57.232867,28.343736
156324,57.510024,28.530635
156325,57.795384,28.723658
156326,58.090248,28.922178
156327,58.394708,29.126596
156328,58.708363,29.336520
156329,54.144809,24.229218
156330,53.968847,24.616291
156331,53.791307,25.014597
156332,53.612238,25.423472
156333,53.432576,25.842980
156334,53.250517,26.273749
156335,53.067439,26.714428
156336,52.884104,27.164877
156337,52.698537,27.625555
156338,52.511126,28.097394
156339,45.101214,29.816616
156340,44.855586,29.285117
156341,44.615207,28.737739
156342,44.377166,28.176565
156343,44.143442,27.601158
156344,43.913391,27.015090
156345,43.688443,26.417701
156346,43.466213,25.810936
156347,43.249941,25.193183
156348,43.039114,24.565225
156349,46.282447,34.571648
156350,46.251935,34.784850
156351,46.217280,35.008272
156352,46.178467,35.241264
156353,46.138073,35.483931
156354,46.095086,35.737888
156355,46.050261,36.005605
156356,46.653446,41.312190
156357,46.736066,41.368415
156358,46.829333,41.430206
156359,46.931633,41.498200
156360,47.041911,41.569881
156361,47.162152,41.648968
156362,47.290419,41.732290
156363,44.747315,40.916609
156364,44.693877,40.386215
156365,44.645313,39.838984
156366,44.598225,39.274773
156367,44.552296,38.695568
156368,44.507195,38.101159
156369,44.460500,37.494681
156370,62.148645,23.530680
156371,62.105957,23.767086
156372,62.061032,24.016036
156373,62.011351,24.278318
156374,61.959215,24.551376
156375,61.904690,24.837324
156376,61.846735,25.135561
156377,61.787051,25.444409
156378,61.723684,25.764495
156379,61.657903,26.096805
156380,61.590041,26.440948
156381,82.636687,25.714482
156382,82.473578,25.674769
156383,82.298998,25.630639
156384,82.115970,25.584290
156385,81.922854,25.534735
156386,81.719222,25.480614
156387,81.506285,25.421086
156388,81.280763,25.357835
156389,81.043992,25.291891
156390,80.794382,25.225037
156391,80.534703,25.155626
156392,68.110492,27.138141
156393,68.338421,27.766142
156394,68.564610,28.402408
156395,68.790976,29.048477
156396,69.017201,29.704560
156397,69.243333,30.370628
156398,69.468381,31.044774
156399,69.689970,31.728303
156400,69.910482,32.421747
156401,70.130035,33.122349
156402,70.348590,33.830723
156403,77.845301,15.767876
156404,78.039144,16.406181
156405,78.230174,17.052466
156406,78.421745,17.705673
156407,78.613239,18.367118
156408,78.803471,19.037151
156409,78.993296,19.718090
156410,79.183955,20.406443
156411,79.370897,21.105796
156412,79.558215,21.813881
156413,79.744859,22.530740
156414,75.739660,17.816445
156415,75.896713,18.451281
156416,76.051505,19.096605
156417,76.201472,19.754066
156418,76.350176,20.420156
156419,76.492300,21.096891
156420,76.631967,21.783513
156421,76.767731,22.479672
156422,76.899738,23.185453
156423,77.026764,23.902236
156424,77.148032,24.630654
156425,49.706698,37.239607
156426,49.690142,37.170250
156427,49.667970,37.092573
156428,49.642098,37.005060
156429,49.612353,36.909065
156430,49.580292,36.805513
156431,44.707280,32.582510
156432,44.560358,32.341357
156433,44.407543,32.087920
156434,44.251297,31.823737
156435,44.088664,31.548946
156436,43.925579,31.260628
156437,51.898378,35.974516
156438,51.483611,35.868940
156439,51.056952,35.752703
156440,50.616858,35.622513
156441,50.166890,35.481515
156442,49.707935,35.331163
156443,14.971353,22.070584
156444,15.066685,21.790271
156445,15.168711,21.494456
156446,15.277708,21.187051
156447,15.391090,20.866006
156448,15.509391,20.533860
156449,15.631108,20.188647
156450,21.009501,26.454890
156451,20.864634,26.227910
156452,20.714765,25.992930
156453,20.559250,25.744116
156454,20.398803,25.484404
156455,20.232502,25.211014
156456,20.061561,24.925962
156457,20.064338,16.584553
156458,19.818913,16.375972
156459,19.566662,16.160408
156460,19.305738,15.937592
156461,19.034756,15.707880
156462,18.755548,15.471798
156463,18.465548,15.228561
156464,19.981067,22.502702
156465,19.671128,22.138585
156466,19.361211,21.757035
156467,19.051044,21.360364
156468,18.738634,20.947640
156469,18.424591,20.517890
156470,18.110259,20.073524
156471,8.855610,15.726048
156472,8.816698,15.983337
156473,8.773337,16.257417
156474,8.728378,16.542519
156475,8.678847,16.840916
156476,8.627553,17.148961
156477,8.575591,17.468558
156478,8.521331,17.798710
156479,8.463312,18.141381
156480,12.562252,8.980734
156481,12.324988,8.937025
156482,12.075968,8.890545
156483,11.816752,8.840260
156484,11.547407,8.787046
156485,11.268620,8.732360
156486,10.979526,8.674882
156487,10.679171,8.612386
156488,10.366411,8.546830
156489,12.078121,20.284027
156490,12.012447,20.149900
156491,11.941352,20.004698
156492,11.863295,19.852813
156493,11.779185,19.692467
156494,11.690286,19.519900
156495,11.596171,19.337479
156496,11.497129,19.145366
156497,11.396174,18.945691
156498,13.500745,9.087818
156499,13.161794,9.266769
156500,12.802758,9.459453
156501,12.424030,9.664505
156502,12.031980,9.880446
156503,11.629500,10.106868
156504,11.214673,10.342146
156505,10.788398,10.591300
156506,10.355936,10.850694
156507,71.058686,17.227794
156508,70.945039,16.964564
156509,70.829988,16.690033
156510,70.705814,16.404432
156511,70.576329,16.105700
156512,70.441983,15.794883
156513,70.303477,15.474259
156514,71.866958,25.669461
156515,71.829638,25.386731
156516,71.787003,25.094648
156517,71.739605,24.790603
156518,71.688166,24.473072
156519,71.632855,24.145218
156520,71.574744,23.805372
156521,73.455083,22.067422
156522,73.215392,21.806887
156523,72.961987,21.525594
156524,72.702704,21.228667
156525,72.434950,20.916026
156526,72.164854,20.587712
156527,71.884886,20.244496
156528,60.393198,38.959314
156529,60.274338,39.290486
156530,60.151611,39.635077
156531,60.025772,39.992327
156532,59.899194,40.355646
156533,59.766658,40.728646
156534,59.630441,41.111622
156535,59.489982,41.508405
156536,55.633567,42.472374
156537,55.169348,42.516813
156538,54.697920,42.563322
156539,54.222238,42.611394
156540,53.737165,42.663989
156541,53.241512,42.718433
156542,52.738060,42.777997
156543,52.225076,42.840640
156544,55.746480,34.839077
156545,55.679624,35.115042
156546,55.606947,35.402717
156547,55.530290,35.704463
156548,55.450937,36.017817
156549,55.364540,36.345743
156550,55.275491,36.685794
156551,55.181287,37.039100
156552,64.004021,39.190457
156553,63.700822,39.384662
156554,63.376106,39.590641
156555,63.033549,39.809434
156556,62.678994,40.039689
156557,62.310059,40.281890
156558,61.930228,40.536452
156559,61.543227,40.801782
156560,61.840483,15.982218
156561,61.765400,15.343645
156562,61.694862,14.695104
156563,61.629146,14.036335
156564,61.568074,13.367193
156565,61.510665,12.687998
156566,61.458113,11.998211
156567,61.410619,11.297069
156568,61.367155,10.584272
156569,56.289501,34.757095
156570,57.094165,34.693306
156571,57.904503,34.626024
156572,58.721063,34.555912
156573,59.543855,34.484292
156574,60.371954,34.408787
156575,61.203327,34.328577
156576,62.039990,34.247657
156577,62.881244,34.167102
156578,63.727390,34.086461
156579,64.577871,34.003359
156580,65.431297,33.920203
156581,66.288660,33.836318
156582,67.149837,33.751055
156583,68.015130,33.663878
156584,62.474907,30.981009
156585,63.068157,30.907948
156586,63.669229,30.830088
156587,64.277316,30.746882
156588,64.892258,30.661476
156589,65.514356,30.569618
156590,66.144151,30.476832
156591,66.780644,30.380398
156592,67.427359,30.281652
156593,68.083031,30.183110
156594,68.746469,30.082298
156595,69.415390,29.978015
156596,70.091988,29.867594
156597,70.774468,29.754843
156598,71.464228,29.640739
156599,51.108246,33.505664
156600,51.538489,33.998611
156601,51.967154,34.499433
156602,52.394784,35.008261
156603,52.821619,35.524091
156604,53.249530,36.047544
156605,53.678240,36.580614
156606,54.106126,37.122055
156607,54.532474,37.673530
156608,54.958852,38.233069
156609,55.385198,38.801437
156610,55.811251,39.377788
156611,56.235403,39.961545
156612,56.659707,40.553491
156613,57.084205,41.153116
156614,52.710737,33.996309
156615,53.147279,34.654825
156616,53.577185,35.323287
156617,54.005726,36.000171
156618,54.429761,36.684913
156619,54.850146,37.378759
156620,55.260733,38.084114
156621,55.664458,38.798675
156622,56.062583,39.523037
156623,56.453614,40.255617
156624,56.838849,40.996987
156625,57.217537,41.747837
156626,57.590034,42.508569
156627,57.958430,43.277834
156628,58.320518,44.057122
156629,47.262842,43.461737
156630,47.466069,43.576571
156631,47.680744,43.692980
156632,47.908068,43.817393
156633,48.145937,43.943653
156634,48.394809,44.074962
156635,48.652484,44.211726
156636,48.921084,44.353473
156637,41.761736,38.384933
156638,42.263563,38.501409
156639,42.775347,38.631240
156640,43.296571,38.773080
156641,43.824368,38.928459
156642,44.357866,39.092965
156643,44.896829,39.269685
156644,45.438769,39.456478
156645,82.393613,33.377399
156646,82.807713,33.487614
156647,83.229704,33.598853
156648,83.657354,33.714045
156649,84.094880,33.831921
156650,84.540005,33.951575
156651,84.995496,34.073195
156652,85.459351,34.196050
156653,85.931747,34.320471
156654,86.412894,34.450927
156655,86.902244,34.583854
156656,87.400674,34.720214
156657,65.585096,32.807074
156658,65.820749,32.659772
156659,66.067940,32.508736
156660,66.326484,32.351893
156661,66.594223,32.191684
156662,66.870016,32.029190
156663,67.153169,31.859285
156664,67.443720,31.682444
156665,67.744964,31.501012
156666,68.056825,31.316387
156667,68.376967,31.127375
156668,68.707141,30.932835
156669,73.178564,27.479435
156670,73.812672,27.906541
156671,74.456133,28.336323
156672,75.105677,28.770006
156673,75.761081,29.206146
156674,76.422608,29.648009
156675,77.089316,30.095000
156676,77.761003,30.547572
156677,78.437428,31.003630
156678,79.118285,31.466195
156679,79.802472,31.934473
156680,80.490273,32.406879
156681,73.218105,28.640024
156682,73.796939,29.071022
156683,74.377229,29.513617
156684,74.958163,29.965130
156685,75.539194,30.428972
156686,76.123071,30.905596
156687,76.711488,31.389884
156688,77.297391,31.883655
156689,77.882663,32.386614
156690,78.470417,32.895977
156691,79.061385,33.411062
156692,79.653383,33.935160
156693,93.915527,16.768509
156694,94.099994,17.433765
156695,94.283080,18.109336
156696,94.468216,18.793716
156697,94.650861,19.488934
156698,94.832371,20.194165
156699,95.013241,20.908123
156700,95.192405,21.629486
156701,95.370038,22.359225
156702,94.196961,32.809143
156703,94.118230,33.007991
156704,94.036439,33.216381
156705,93.952197,33.436204
156706,93.864601,33.667913
156707,93.770767,33.912344
156708,93.670545,34.170069
156709,93.566384,34.443187
156710,93.456708,34.728339
156711,102.348162,21.006467
156712,103.123087,21.143984
156713,103.904581,21.285909
156714,104.692732,21.428615
156715,105.484966,21.574323
156716,106.281936,21.724463
156717,107.085384,21.880305
156718,107.892048,22.042025
156719,108.702513,22.208974
156720,93.064821,17.880721
156721,93.266669,18.593951
156722,93.464255,19.316682
156723,93.657139,20.048835
156724,93.847461,20.790528
156725,94.035361,21.539866
156726,94.220917,22.297120
156727,94.403774,23.062364
156728,94.582193,23.837415
156729,110.132776,12.162741
156730,110.197216,12.557923
156731,110.263659,12.963970
156732,110.329722,13.382751
156733,110.397689,13.810966
156734,110.466307,14.249932
156735,110.538756,14.697582
156736,110.614728,15.153483
156737,110.693677,15.617298
156738,110.777115,16.089029
156739,110.861868,16.571700
156740,110.945784,17.063364
156741,111.028477,17.564161
156742,111.112640,18.074460
156743,111.197625,18.594163
156744,111.284020,19.121227
156745,111.371614,19.656644
156746,111.460398,20.201888
156747,111.551085,20.754812
156748,111.709718,16.604801
156749,111.935324,16.160722
156750,112.162451,15.706227
156751,112.392310,15.242193
156752,112.624761,14.768404
156753,112.857458,14.283626
156754,113.094498,13.788162
156755,113.336513,13.283423
156756,113.579275,12.767851
156757,113.820644,12.239282
156758,114.060810,11.698375
156759,114.302385,11.150161
156760,114.544463,10.590959
156761,114.787590,10.020941
156762,115.029635,9.439480
156763,115.269331,8.848405
156764,115.507489,8.246547
156765,115.745865,7.634395
156766,115.983669,7.013450
156767,111.451276,15.563239
156768,111.779149,15.052696
156769,112.103726,14.530389
156770,112.426113,13.995667
156771,112.744360,13.449776
156772,113.056379,12.892445
156773,113.362614,12.325343
156774,113.664001,11.746964
156775,113.961706,11.156841
156776,114.255622,10.557572
156777,114.545666,9.946289
156778,114.830759,9.321686
156779,115.114915,8.686411
156780,115.395163,8.039244
156781,115.670541,7.381175
156782,115.941221,6.712303
156783,116.209687,6.033154
156784,116.474785,5.344270
156785,116.738051,4.647028
156786,34.139935,31.932947
156787,34.647316,31.804364
156788,35.164205,31.673217
156789,35.690332,31.538477
156790,36.223825,31.400284
156791,36.765427,31.260725
156792,37.316499,31.118717
156793,37.874167,30.975441
156794,38.441163,30.826344
156795,39.016102,30.675716
156796,39.598518,30.523947
156797,40.188356,30.367353
156798,40.784976,30.209845
156799,41.392193,30.049671
156800,42.007392,29.887387
156801,42.629851,29.721158
156802,43.260086,29.553058
156803,43.898957,29.382483
156804,44.544537,29.211527
156805,45.197700,29.040523
156806,45.857832,28.864669
156807,46.526729,28.687623
156808,47.202509,28.509041
156809,47.885195,28.327038
156810,48.575214,28.143221
156811,49.270993,27.953830
156812,49.974325,27.764093
156813,22.549594,10.815304
156814,22.898426,10.566665
156815,23.256759,10.314178
156816,23.622308,10.057840
156817,23.997068,9.798026
156818,24.377678,9.536916
156819,24.763807,9.272156
156820,25.158462,9.004911
156821,25.562326,8.732559
156822,25.974077,8.455660
156823,26.395101,8.175627
156824,26.822517,7.895259
156825,27.257630,7.613850
156826,27.699115,7.327528
156827,28.149037,7.036771
156828,28.603589,6.740644
156829,29.064619,6.437664
156830,29.533808,6.132008
156831,30.010672,5.821815
156832,30.495602,5.508036
156833,30.988364,5.190156
156834,31.486208,4.869119
156835,31.992588,4.548729
156836,32.507065,4.232551
156837,33.026132,3.926127
156838,33.551274,3.625324
156839,34.082413,3.327276
156840,25.890735,7.542093
156841,26.439032,7.361109
156842,26.996038,7.177471
156843,27.561535,6.991951
156844,28.133861,6.801983
156845,28.712023,6.605780
156846,29.295564,6.405842
156847,29.886443,6.206641
156848,30.485666,6.004050
156849,31.092713,5.799910
156850,31.709339,5.593258
156851,32.332443,5.385364
156852,32.961715,5.172264
156853,33.596201,4.957963
156854,34.239130,4.740739
156855,34.890661,4.520995
156856,35.550699,4.299450
156857,36.217184,4.072283
156858,36.889332,3.840534
156859,37.568598,3.604743
156860,38.253098,3.366505
156861,38.944762,3.129771
156862,39.642077,2.896904
156863,40.348382,2.674774
156864,41.060615,2.452631
156865,41.780355,2.242282
156866,42.506610,2.044236
156867,26.820301,17.089132
156868,27.005437,16.815031
156869,27.197470,16.526381
156870,27.395445,16.228845
156871,27.598688,15.918481
156872,27.806911,15.596923
156873,28.020234,15.266011
156874,28.238353,14.927070
156875,28.460254,14.576101
156876,28.688036,14.214568
156877,28.918666,13.843362
156878,29.154218,13.462370
156879,29.394757,13.071051
156880,29.639328,12.671443
156881,29.887635,12.257866
156882,30.140889,11.838188
156883,30.395956,11.408503
156884,30.654623,10.967179
156885,30.913921,10.517909
156886,31.176866,10.058144
156887,31.441146,9.591121
156888,31.710035,9.114171
156889,31.980840,8.628010
156890,32.251237,8.129816
156891,32.525242,7.622368
156892,32.800767,7.106330
156893,33.078994,6.580724
156894,24.147474,7.277254
156895,24.956309,6.958193
156896,25.767672,6.634446
156897,26.580078,6.303099
156898,27.395631,5.964968
156899,28.212811,5.621539
156900,29.034708,5.274073
156901,29.858837,4.920595
156902,30.684422,4.558032
156903,31.512781,4.192017
156904,32.346636,3.821127
156905,33.182278,3.444597
156906,34.019797,3.061479
156907,34.858484,2.669893
156908,35.698184,2.268765
156909,36.539900,1.866254
156910,37.383463,1.475315
156911,38.227076,1.128369
156912,39.072360,0.852580
156913,39.919939,0.638547
156914,40.769277,0.474035
156915,41.619658,0.344361
156916,42.472088,0.245398
156917,43.324398,0.174407
156918,44.177004,0.123797
156919,45.031002,0.090429
156920,45.884913,0.068810
156921,61.634336,12.554072
156922,62.404792,12.730445
156923,63.181523,12.911124
156924,63.964840,13.096295
156925,64.752248,13.285851
156926,65.544662,13.478543
156927,66.340905,13.675008
156928,67.142416,13.876173
156929,67.948047,14.083401
156930,68.756449,14.295009
156931,69.567451,14.511656
156932,70.381795,14.732408
156933,71.201329,14.958074
156934,72.025034,15.187825
156935,72.852304,15.423196
156936,73.682464,15.664753
156937,74.516704,15.913350
156938,75.354239,16.168000
156939,76.195196,16.428562
156940,77.039700,16.692271
156941,77.888386,16.962859
156942,78.740444,17.237180
156943,79.597662,17.515711
156944,80.460367,17.796141
156945,81.325854,18.083920
156946,82.194001,18.375809
156947,83.066857,18.674021
156948,83.944177,18.975883
156949,53.152602,19.216933
156950,53.464578,19.347859
156951,53.785465,19.482051
156952,54.113858,19.617455
156953,54.453946,19.758794
156954,54.807139,19.903235
156955,55.169832,20.053519
156956,55.541403,20.209486
156957,55.923429,20.369723
156958,56.315924,20.533821
156959,56.719741,20.700208
156960,57.132234,20.869751
156961,57.552087,21.042805
156962,57.982588,21.219693
156963,58.422715,21.399016
156964,58.872260,21.581526
156965,59.329292,21.768650
156966,59.795164,21.957195
156967,60.270383,22.147883
156968,60.754683,22.343376
156969,61.248789,22.544309
156970,61.751931,22.747993
156971,62.260530,22.955671
156972,62.777493,23.167422
156973,63.302545,23.378854
156974,63.835415,23.590925
156975,64.375624,23.806239
156976,64.923722,24.026753
156977,67.522626,20.214468
156978,68.031916,19.975516
156979,68.548531,19.732301
156980,69.072878,19.487347
156981,69.604639,19.240025
156982,70.142774,18.989174
156983,70.688766,18.736175
156984,71.242804,18.483496
156985,71.804348,18.227686
156986,72.372849,17.970243
156987,72.948872,17.712564
156988,73.531739,17.452970
156989,74.123270,17.190296
156990,74.721588,16.924380
156991,75.327264,16.656032
156992,75.939707,16.382681
156993,76.559605,16.107674
156994,77.189043,15.831258
156995,77.825953,15.550914
156996,78.469219,15.269453
156997,79.119073,14.982848
156998,79.776544,14.693127
156999,80.440942,14.400219
157000,81.114175,14.105377
157001,81.794377,13.808667
157002,82.479565,13.507344
157003,83.172424,13.202027
157004,83.870025,12.893142
157005,61.292298,14.501613
157006,62.157602,14.591071
157007,63.025207,14.689601
157008,63.896782,14.794028
157009,64.771392,14.904830
157010,65.650132,15.020765
157011,66.531627,15.142854
157012,67.416761,15.269685
157013,68.303745,15.403990
157014,69.194630,15.542162
157015,70.088570,15.683563
157016,70.985553,15.831614
157017,71.885879,15.985552
157018,72.788837,16.145197
157019,73.694598,16.308035
157020,74.601334,16.477409
157021,75.508781,16.654026
157022,76.418608,16.837418
157023,77.331272,17.028175
157024,78.244844,17.228596
157025,79.158175,17.437489
157026,80.075034,17.648435
157027,80.995046,17.864032
157028,81.917348,18.081969
157029,82.839216,18.304644
157030,83.761988,18.530756
157031,84.685869,18.760312
157032,85.609576,18.994034
157033,50.999782,46.692932
157034,50.975337,46.863703
157035,50.946771,47.045056
157036,50.915059,47.237594
157037,50.880603,47.440593
157038,50.844582,47.655560
157039,50.806750,47.881441
157040,50.764982,48.119349
157041,50.721243,48.368398
157042,50.674405,48.629535
157043,50.626508,48.899922
157044,50.579944,49.181643
157045,50.530949,49.474167
157046,50.481431,49.773353
157047,50.429233,50.081892
157048,50.376842,50.400742
157049,52.454900,38.343639
157050,52.663309,38.796453
157051,52.876140,39.259699
157052,53.092120,39.733459
157053,53.312202,40.215515
157054,53.533976,40.707629
157055,53.759043,41.208429
157056,53.983750,41.718978
157057,54.212397,42.238731
157058,54.441994,42.765814
157059,54.672342,43.302516
157060,54.903883,43.848545
157061,55.134184,44.403591
157062,55.365023,44.966538
157063,55.597347,45.540601
157064,55.828204,46.124741
157065,61.107047,36.566838
157066,61.352326,36.797134
157067,61.609348,37.033433
157068,61.875319,37.277993
157069,62.147862,37.526880
157070,62.428109,37.783378
157071,62.714528,38.046303
157072,63.009734,38.315386
157073,63.311988,38.593337
157074,63.619523,38.878614
157075,63.933587,39.171275
157076,64.253191,39.469723
157077,64.577737,39.772149
157078,64.910786,40.079785
157079,65.250095,40.393910
157080,65.594440,40.713129
157081,50.775169,47.648572
157082,51.350851,48.058587
157083,51.928543,48.477417
157084,52.507017,48.906786
157085,53.089187,49.345231
157086,53.673930,49.794831
157087,54.262121,50.250867
157088,54.853518,50.717682
157089,55.445812,51.192554
157090,56.036778,51.681025
157091,56.628760,52.179341
157092,57.222761,52.634932
157093,57.817800,52.970351
157094,58.415554,53.141246
157095,59.012714,53.226295
157096,59.610920,53.264217
157097,67.192308,42.672071
157098,67.699177,43.048703
157099,68.215051,43.428263
157100,68.737533,43.812042
157101,69.266148,44.198633
157102,69.800399,44.586966
157103,70.344496,44.977219
157104,70.896049,45.372074
157105,71.451624,45.769434
157106,72.013822,46.171259
157107,72.583156,46.578846
157108,73.158574,46.990641
157109,73.741538,47.405857
157110,74.332474,47.825605
157111,74.927608,48.251084
157112,75.528747,48.679304
157113,76.134316,49.113838
157114,76.744594,49.549565
157115,80.308978,32.562690
157116,80.745987,32.777798
157117,81.193411,32.994008
157118,81.648002,33.213161
157119,82.112464,33.435664
157120,82.586869,33.664101
157121,83.069722,33.898490
157122,83.561150,34.136036
157123,84.059919,34.379651
157124,84.565376,34.626994
157125,85.079011,34.877927
157126,85.599823,35.131752
157127,86.130344,35.384330
157128,86.671383,35.641615
157129,87.221703,35.901449
157130,87.780957,36.163474
157131,88.346993,36.426926
157132,88.918580,36.693391
157133,66.291872,43.942878
157134,66.794882,44.415639
157135,67.299186,44.898228
157136,67.804040,45.390696
157137,68.310576,45.891266
157138,68.819205,46.400412
157139,69.325807,46.920318
157140,69.828706,47.452672
157141,70.331879,47.994880
157142,70.831193,48.546943
157143,71.327472,49.109585
157144,71.820920,49.683221
157145,72.312281,50.267219
157146,72.802577,50.859224
157147,73.289857,51.459643
157148,73.774045,52.051558
157149,74.254641,52.546021
157150,74.730854,52.897387
157151,39.954039,42.471202
157152,40.505908,42.805164
157153,41.064854,43.140804
157154,41.630285,43.481297
157155,42.204144,43.822520
157156,42.786600,44.166052
157157,43.375157,44.515239
157158,43.971664,44.868567
157159,44.571520,45.223982
157160,45.177675,45.584129
157161,45.789722,45.949208
157162,46.409812,46.316945
157163,47.035132,46.686719
157164,47.667310,47.058520
157165,48.307027,47.432852
157166,48.952408,47.811679
157167,49.606176,48.192281
157168,50.264411,48.576739
157169,37.888223,37.364321
157170,38.092625,37.669741
157171,38.301434,37.985203
157172,38.515330,38.312859
157173,38.733924,38.654991
157174,38.954354,39.004374
157175,39.179448,39.363204
157176,39.408690,39.730009
157177,39.641620,40.103525
157178,39.879630,40.485568
157179,40.121238,40.876301
157180,40.369286,41.277767
157181,40.623197,41.686804
157182,40.879625,42.103811
157183,41.138942,42.526448
157184,41.404368,42.956208
157185,41.673069,43.395200
157186,41.944964,43.844305
157187,56.152345,30.342972
157188,56.594385,30.263451
157189,57.045300,30.180348
157190,57.505132,30.096074
157191,57.975321,30.010264
157192,58.453035,29.921333
157193,58.941490,29.829255
157194,59.439911,29.733507
157195,59.945459,29.633946
157196,60.457909,29.531219
157197,60.977008,29.428748
157198,61.504533,29.325316
157199,62.039114,29.217357
157200,62.580852,29.105183
157201,63.131455,28.991552
157202,63.689629,28.873945
157203,64.256276,28.755315
157204,64.831742,28.637015
157205,39.433223,43.276356
157206,40.080213,43.624151
157207,40.728419,43.983613
157208,41.377910,44.355229
157209,42.028070,44.738013
157210,42.680854,45.133247
157211,43.336539,45.537078
157212,43.993731,45.948394
157213,44.649987,46.372106
157214,45.307333,46.806967
157215,45.966641,47.250056
157216,46.625601,47.703060
157217,47.287243,48.164329
157218,47.953132,48.629251
157219,48.620782,49.101713
157220,49.290492,49.584428
157221,49.961731,50.078574
157222,50.633758,50.580032
157223,45.898842,42.182369
157224,46.385463,42.051449
157225,46.882315,41.914984
157226,47.388691,41.774216
157227,47.902890,41.628791
157228,48.426008,41.481308
157229,48.957029,41.329002
157230,49.495265,41.173066
157231,50.042014,41.013785
157232,50.597865,40.851651
157233,51.162469,40.686741
157234,51.737120,40.516662
157235,52.319681,40.343704
157236,52.909714,40.167512
157237,53.507457,39.990640
157238,54.113010,39.809268
157239,54.727398,39.626207
157240,44.198536,39.333064
157241,44.218713,39.596982
157242,44.241332,39.872552
157243,44.267145,40.158863
157244,44.293874,40.453461
157245,44.322007,40.757492
157246,44.355357,41.072380
157247,44.393292,41.398517
157248,44.434365,41.736343
157249,44.477339,42.085007
157250,44.523451,42.444986
157251,44.569354,42.815314
157252,44.616421,43.197399
157253,44.664284,43.588387
157254,44.712564,43.990390
157255,44.764540,44.403468
157256,44.817513,44.827790
157257,42.952770,38.449924
157258,43.294547,38.856626
157259,43.636151,39.275927
157260,43.977064,39.710948
157261,44.316459,40.159681
157262,44.653750,40.622089
157263,44.991016,41.097162
157264,45.326336,41.586100
157265,45.658749,42.088815
157266,45.993478,42.604213
157267,46.327247,43.126715
157268,46.658792,43.658592
157269,46.987551,44.203501
157270,47.315335,44.757811
157271,47.642813,45.319997
157272,47.967754,45.891329
157273,48.288956,46.474787
157274,55.766831,32.137423
157275,55.196905,32.013096
157276,54.618632,31.886450
157277,54.031010,31.759018
157278,53.437475,31.628794
157279,52.836635,31.498732
157280,52.229368,31.366099
157281,51.613474,31.228739
157282,50.991509,31.089777
157283,50.361062,30.948791
157284,49.724453,30.806231
157285,58.659229,33.254053
157286,58.558795,33.639811
157287,58.454668,34.038677
157288,58.350758,34.450762
157289,58.246028,34.873989
157290,58.139157,35.309212
157291,58.029314,35.752697
157292,57.917925,36.206491
157293,57.807810,36.671965
157294,57.698570,37.149511
157295,57.585685,37.636322
157296,59.362082,33.873042
157297,59.060420,34.283519
157298,58.755090,34.708486
157299,58.450786,35.150728
157300,58.146641,35.610727
157301,57.842363,36.086008
157302,57.539741,36.578114
157303,57.238953,37.084600
157304,56.940683,37.605980
157305,56.644001,38.137756
157306,56.347759,38.679452
157307,25.285979,41.089726
157308,25.889462,40.956754
157309,26.500024,40.821790
157310,27.118562,40.683890
157311,27.745319,40.543925
157312,28.380257,40.400672
157313,29.022879,40.253817
157314,29.671743,40.103502
157315,30.327426,39.950872
157316,21.988290,38.885629
157317,21.845428,39.005235
157318,21.693298,39.128719
157319,21.532961,39.257149
157320,21.363833,39.392038
157321,21.184879,39.532654
157322,20.995484,39.678214
157323,20.796515,39.830361
157324,20.589700,39.987696
157325,25.823450,27.583326
157326,26.126535,27.421023
157327,26.438634,27.254669
157328,26.760577,27.084778
157329,27.094339,26.910040
157330,27.436968,26.730203
157331,27.788535,26.545874
157332,28.148335,26.359141
157333,28.520366,26.167841
157334,24.511998,39.751042
157335,25.032862,39.459875
157336,25.560197,39.159202
157337,26.093055,38.850421
157338,26.629488,38.531512
157339,27.171610,38.204568
157340,27.716050,37.868236
157341,28.264303,37.523586
157342,28.815002,37.171214
157343,39.429237,46.445138
157344,39.868078,46.502726
157345,40.317941,46.563519
157346,40.774674,46.627702
157347,41.239337,46.696259
157348,41.711589,46.766505
157349,42.192034,46.838735
157350,42.678613,46.915070
157351,43.171800,46.993629
157352,41.063193,36.161715
157353,41.407878,36.153825
157354,41.765305,36.143265
157355,42.132357,36.131902
157356,42.510095,36.117491
157357,42.899399,36.101819
157358,43.297383,36.083771
157359,43.704549,36.065576
157360,44.122376,36.050457
157361,37.936547,44.231331
157362,38.201428,43.922538
157363,38.476496,43.594441
157364,38.755603,43.253554
157365,39.038548,42.895400
157366,39.327375,42.521128
157367,39.620419,42.131796
157368,39.914062,41.725142
157369,40.209718,41.303418
157370,51.887218,45.450436
157371,52.195110,45.427823
157372,52.515185,45.403454
157373,52.847180,45.376715
157374,53.189636,45.348333
157375,53.542719,45.319236
157376,53.904085,45.287469
157377,54.273162,45.253527
157378,52.688367,32.659988
157379,52.998289,32.723637
157380,53.320696,32.789709
157381,53.654109,32.859486
157382,53.997595,32.933393
157383,54.350419,33.009631
157384,54.712948,33.087492
157385,55.085735,33.167546
157386,49.701150,42.083781
157387,49.923880,41.720682
157388,50.147250,41.339918
157389,50.373486,40.942044
157390,50.603357,40.528468
157391,50.836214,40.098754
157392,51.069551,39.650087
157393,51.306102,39.188656
157394,82.235543,39.639415
157395,82.825976,39.353888
157396,83.423442,39.066313
157397,84.030263,38.777584
157398,84.642740,38.483709
157399,85.263286,38.187417
157400,85.888690,37.888096
157401,86.523489,37.587086
157402,87.164496,37.281742
157403,87.813631,36.973806
157404,88.471467,36.663280
157405,89.137106,36.350315
157406,89.810375,36.035766
157407,90.488429,35.719420
157408,91.175420,35.400848
157409,91.869501,35.078273
157410,92.569016,34.749547
157411,93.274307,34.420195
157412,93.985408,34.087087
157413,94.700408,33.749842
157414,95.420112,33.410582
157415,96.145516,33.068166
157416,96.874765,32.720905
157417,97.610723,32.372346
157418,98.352567,32.020366
157419,99.099287,31.665801
157420,99.850715,31.312506
157421,100.607422,30.958099
157422,101.368457,30.603083
157423,102.133240,30.244578
157424,72.681918,43.470289
157425,72.645646,43.481009
157426,72.599217,43.492019
157427,72.546036,43.504762
157428,72.486485,43.519311
157429,72.421325,43.533797
157430,72.347397,43.549012
157431,72.267334,43.567594
157432,72.180030,43.586818
157433,72.088674,43.608682
157434,71.992337,43.634867
157435,71.892079,43.661083
157436,71.786062,43.691661
157437,71.671664,43.726049
157438,71.552028,43.763919
157439,71.426066,43.803679
157440,71.291870,43.846860
157441,71.149440,43.894487
157442,71.001489,43.944378
157443,70.848075,43.998535
157444,70.687937,44.055099
157445,70.521673,44.114630
157446,70.351056,44.174617
157447,70.175153,44.235985
157448,69.993242,44.302692
157449,69.805533,44.367254
157450,69.611342,44.433641
157451,69.412888,44.501557
157452,69.208123,44.571854
157453,68.998667,44.642944
157454,80.796459,13.592176
157455,81.361514,13.605693
157456,81.934233,13.621154
157457,82.515897,13.639937
157458,83.104580,13.658926
157459,83.699882,13.679881
157460,84.303268,13.699661
157461,84.914224,13.719184
157462,85.533341,13.738517
157463,86.159580,13.755635
157464,86.791307,13.770579
157465,87.430023,13.786576
157466,88.076339,13.801369
157467,88.729254,13.818354
157468,89.391118,13.834992
157469,90.059617,13.850979
157470,90.734420,13.866797
157471,91.419336,13.882143
157472,92.112517,13.899818
157473,92.812963,13.914795
157474,93.520992,13.927221
157475,94.235031,13.940602
157476,94.955959,13.952765
157477,95.683304,13.964264
157478,96.415962,13.976735
157479,97.155768,13.991385
157480,97.903697,14.009989
157481,98.656877,14.031176
157482,99.415119,14.055502
157483,100.179096,14.079346
157484,76.995802,34.676704
157485,77.094991,34.963084
157486,77.194671,35.261348
157487,77.296382,35.572568
157488,77.403497,35.896152
157489,77.512983,36.229897
157490,77.629408,36.577003
157491,77.751764,36.934271
157492,77.879598,37.302440
157493,78.010731,37.682100
157494,78.146466,38.072569
157495,78.285798,38.474566
157496,78.429983,38.887515
157497,78.578121,39.310127
157498,78.729358,39.741227
157499,78.885115,40.180940
157500,79.043373,40.629064
157501,79.205144,41.085915
157502,79.368747,41.553515
157503,79.533550,42.030348
157504,79.700616,42.520118
157505,79.868327,43.019499
157506,80.036846,43.528200
157507,80.208658,44.045907
157508,80.382206,44.571988
157509,80.557563,45.105115
157510,80.735814,45.646576
157511,80.915003,46.199111
157512,81.093085,46.760908
157513,81.271841,47.331070
157514,72.966870,19.011487
157515,73.159634,19.295894
157516,73.357666,19.590816
157517,73.559691,19.896899
157518,73.764235,20.211968
157519,73.973732,20.534052
157520,74.187149,20.866511
157521,74.405079,21.206245
157522,74.627330,21.555702
157523,74.855239,21.915857
157524,75.088242,22.286611
157525,75.322065,22.668642
157526,75.562694,23.062968
157527,75.807907,23.469152
157528,76.058571,23.884048
157529,76.313595,24.309201
157530,76.570452,24.740885
157531,76.827487,25.183956
157532,77.087248,25.635838
157533,77.350688,26.095510
157534,77.618638,26.564947
157535,77.890217,27.042673
157536,78.162635,27.526773
157537,78.436569,28.019191
157538,78.710992,28.520398
157539,78.987622,29.032492
157540,79.264755,29.551861
157541,79.544487,30.078127
157542,79.824718,30.611624
157543,80.107561,31.153057
157544,74.626613,27.134227
157545,74.716816,27.548491
157546,74.810656,27.973193
157547,74.907276,28.408779
157548,75.006036,28.856504
157549,75.106602,29.311989
157550,75.208974,29.778711
157551,75.312897,30.255400
157552,75.420100,30.742541
157553,75.529515,31.240725
157554,75.641382,31.748679
157555,75.755015,32.264894
157556,75.872069,32.793116
157557,75.987486,33.333624
157558,76.104381,33.885703
157559,76.223148,34.447280
157560,76.344486,35.016516
157561,76.465110,35.593881
157562,76.586094,36.182490
157563,76.707995,36.782212
157564,76.829251,37.391767
157565,76.952003,38.009641
157566,77.074035,38.636594
157567,77.194296,39.275027
157568,77.314102,39.921760
157569,77.435966,40.576592
157570,77.558160,41.239756
157571,77.682361,41.914366
157572,77.805780,42.598000
157573,77.927953,43.289942
157574,91.413478,27.128697
157575,91.826091,27.483030
157576,92.245162,27.840068
157577,92.669396,28.202273
157578,93.099388,28.566652
157579,93.533719,28.936544
157580,93.973021,29.311621
157581,94.419939,29.690263
157582,94.872497,30.073741
157583,95.331698,30.463541
157584,95.795470,30.860107
157585,96.266383,31.260928
157586,96.745646,31.667969
157587,97.231195,32.079740
157588,97.721769,32.497923
157589,98.215533,32.923755
157590,98.715993,33.351896
157591,99.223298,33.784455
157592,99.732981,34.223922
157593,100.244855,34.668277
157594,100.761782,35.116641
157595,101.284584,35.570329
157596,101.812405,36.028904
157597,102.344249,36.492136
157598,102.877323,36.963035
157599,103.413357,37.439637
157600,103.952757,37.921593
157601,104.494235,38.410298
157602,105.039149,38.904501
157603,105.585795,39.404345
157604,81.534848,16.609675
157605,82.270363,16.831780
157606,83.007434,17.062646
157607,83.747805,17.302747
157608,84.492866,17.548825
157609,85.241115,17.803229
157610,85.991200,18.066132
157611,86.744781,18.335811
157612,87.500078,18.614286
157613,88.257513,18.901545
157614,89.015515,19.200728
157615,89.775225,19.507781
157616,90.535974,19.824951
157617,91.299309,20.147954
157618,92.064152,20.477127
157619,92.831337,20.814059
157620,93.603389,21.155544
157621,94.377259,21.505157
157622,95.151598,21.863919
157623,95.928405,22.231457
157624,96.706116,22.608590
157625,97.483527,22.991077
157626,98.260842,23.381528
157627,99.040220,23.777499
157628,99.820425,24.184224
157629,100.601379,24.597533
157630,101.385025,25.017853
157631,102.170388,25.445954
157632,102.956713,25.884590
157633,103.746062,26.328107
